ID,capture,SAT,titer
1,1,1,2.17023562930579
1,1,2,>2.2
1,1,3,1.82419619302129
1,3,1,>2.2
1,3,2,>2.2
1,3,3,1.77160967272653
1,4,1,2
1,4,2,2
1,4,3,1.6
1,5,1,2.1
1,5,2,1.8
1,5,3,1.59129579939123
1,6,1,1.9
1,6,2,1.8
1,6,3,1.5
1,7,1,>2.2
1,7,2,1.45154499349597
1,7,3,1.96066089957849
1,8,1,2.03547958719769
1,8,2,1.96157677786283
1,8,3,2.0432160078426
1,9,1,1.8
1,9,2,2
1,9,3,>2.2
1,10,1,2.12942711663641
1,10,2,1.97579432358607
1,10,3,1.58875781839608
1,11,1,>2.2
1,11,2,1.69533583617656
1,11,3,1.70407253263425
1,12,1,>2.2
1,12,2,1.86634108322546
1,12,3,1.74015418729899
1,13,1,2.2
1,13,2,1.5
1,13,3,1.4
1,14,1,2.4
1,14,2,2
1,14,3,1.5
1,15,1,2.3
1,15,2,1.6
1,15,3,1.4
1,16,1,2.3
1,16,2,1.6
1,16,3,1.9
1,17,1,2
1,17,2,1.9
1,17,3,<1.3
2,1,1,<1.3
2,1,2,>2.2
2,1,3,<1.3
2,3,1,<1.3
2,3,2,<1.3
2,3,3,<1.3
3,3,1,>2.2
3,3,2,>2.2
3,3,3,>2.2
3,4,1,2
3,4,2,>2.2
3,4,3,1.5
3,5,1,1.89860369793585
3,5,2,>2.2
3,5,3,<1.3
3,6,1,2.1
3,6,2,2.2
3,6,3,<1.3
3,7,1,>2.2
3,7,2,1.73918954942844
3,7,3,1.92256671363814
3,8,1,>2.2
3,8,2,>2.2
3,8,3,2.05460633200286
3,9,1,>2.2
3,9,2,>2.2
3,9,3,>2.2
3,10,1,>2.2
3,10,2,>2.2
3,10,3,1.96741419308721
3,11,1,>2.2
3,11,2,>2.2
3,11,3,1.88778095204135
3,12,1,>2.2
3,12,2,>2.2
3,12,3,>2.2
3,13,1,2.3
3,13,2,2.4
3,13,3,1.7
3,14,1,2.4
3,14,2,2.3
3,14,3,1.6
3,15,1,2.4
3,15,2,2.3
3,15,3,1.7
3,16,1,2.4
3,16,2,2.1
3,16,3,2
3,17,1,2
3,17,2,2.3
3,17,3,1.7
4,3,1,2.14852734288336
4,3,2,>2.2
4,3,3,>2.2
4,4,1,1.6
4,4,2,2.1
4,4,3,1.8
4,5,1,1.59457095241144
4,5,2,>2.2
4,5,3,>2.2
4,6,1,1.9
4,6,2,2.2
4,6,3,2
4,7,1,>2.2
4,7,2,1.59166491579179
4,7,3,>2.2
4,8,1,>2.2
4,8,2,>2.2
4,8,3,>2.2
4,9,1,1.9
4,9,2,>2.2
4,9,3,>2.2
4,10,1,>2.2
4,10,2,>2.2
4,10,3,2.03729615636635
4,11,1,>2.2
4,11,2,>2.2
4,11,3,2.02999759447956
4,12,1,2.18281375940278
4,12,2,>2.2
4,12,3,1.92200030892633
4,13,1,2.3
4,13,2,2.3
4,13,3,1.8
4,14,1,2.4
4,14,2,2.1
4,14,3,1.5
4,15,1,2.4
4,15,2,2.2
4,15,3,1.7
4,16,1,2.3
4,16,2,1.8
4,16,3,2
4,17,1,2
4,17,2,2.4
4,17,3,2.1
5,1,1,1.34860814049431
5,1,2,>2.2
5,1,3,<1.3
5,3,1,1.80061698681416
5,3,2,>2.2
5,3,3,1.82994745291668
5,4,1,>2.2
5,4,2,2.1
5,4,3,<1.3
5,5,1,>2.2
5,5,2,>2.2
5,5,3,1.76100382903854
5,6,1,>2.2
5,6,2,>2.2
5,6,3,1.7
5,7,1,>2.2
5,7,2,>2.2
5,7,3,>2.2
5,8,1,>2.2
5,8,2,>2.2
5,8,3,>2.2
5,9,1,>2.2
5,9,2,>2.2
5,9,3,>2.2
5,10,1,>2.2
5,10,2,1.99865120532469
5,10,3,>2.2
5,12,1,>2.2
5,12,2,>2.2
5,12,3,2.02373923652904
5,13,1,2.2
5,13,2,1.7
5,13,3,1.4
5,14,1,2.3
5,14,2,1.9
5,14,3,1.3
5,15,1,2.4
5,15,2,2.1
5,15,3,1.7
5,16,1,2.4
5,16,2,2
5,16,3,2.4
5,17,1,2
5,17,2,2.3
5,17,3,1.6
6,1,1,<1.3
6,1,2,1.63582095005932
6,1,3,<1.3
6,3,1,>2.2
6,3,2,1.61704015698897
6,3,3,1.85109710132398
6,4,1,2.1
6,4,2,<1.3
6,4,3,<1.3
6,5,1,>2.2
6,5,2,<1.3
6,5,3,1.61355894039348
7,1,1,<1.3
7,1,2,1.76130555747967
7,1,3,<1.3
7,3,1,>2.2
7,3,2,1.7713812577387
7,3,3,1.83241491189753
8,1,1,<1.3
8,1,2,>2.2
8,1,3,1.42786714008209
8,3,1,>2.2
8,3,2,>2.2
8,3,3,>2.2
8,4,1,2.1
8,4,2,>2.2
8,4,3,1.7
8,5,1,>2.2
8,5,2,>2.2
8,5,3,1.83299752905418
8,6,1,>2.2
8,6,2,>2.2
8,6,3,1.7
8,7,1,>2.2
8,7,2,>2.2
8,7,3,>2.2
8,8,1,>2.2
8,8,2,>2.2
8,8,3,2.01805715997214
8,9,1,>2.2
8,9,2,>2.2
8,9,3,>2.2
8,10,1,>2.2
8,10,2,>2.2
8,10,3,1.83065692205464
8,11,1,>2.2
8,11,2,>2.2
8,11,3,1.87290114236975
8,12,1,>2.2
8,12,2,>2.2
8,12,3,1.85180184447617
8,13,1,2.3
8,13,2,2.3
8,13,3,1.5
8,14,1,2.4
8,14,2,1.9
8,14,3,1.3
8,15,1,2.4
8,15,2,2.4
8,15,3,2
9,1,1,>2.2
9,1,2,>2.2
9,1,3,>2.2
9,3,1,<1.3
9,3,2,<1.3
9,3,3,<1.3
9,4,1,>2.2
9,4,2,>2.2
9,4,3,>2.2
9,5,1,>2.2
9,5,2,>2.2
9,5,3,>2.2
10,1,1,2.19757977447923
10,1,2,>2.2
10,1,3,1.89595093571138
10,3,1,>2.2
10,3,2,>2.2
10,3,3,1.83241491189753
11,1,1,<1.3
11,1,2,>2.2
11,1,3,1.43345939691853
11,3,1,>2.2
11,3,2,>2.2
11,3,3,1.80159541776549
11,4,1,>2.2
11,4,2,>2.2
11,4,3,>2.2
11,5,1,>2.2
11,5,2,>2.2
11,5,3,2.01679365267171
11,6,1,>2.2
11,6,2,>2.2
11,6,3,2.1
11,7,1,>2.2
11,7,2,>2.2
11,7,3,>2.2
11,8,1,>2.2
11,8,2,>2.2
11,8,3,2.02406524304568
11,9,1,>2.2
11,9,2,>2.2
11,9,3,>2.2
11,10,1,>2.2
11,10,2,>2.2
11,10,3,>2.2
11,11,1,>2.2
11,11,2,>2.2
11,11,3,>2.2
11,12,1,>2.2
11,12,2,>2.2
11,12,3,>2.2
11,13,1,2.3
11,13,2,2.4
11,13,3,1.8
11,14,1,2.4
11,14,2,2.4
11,14,3,1.6
11,15,1,2.4
11,15,2,2.4
11,15,3,1.7
11,16,1,2.4
11,16,2,2.1
11,16,3,2.2
11,17,1,2.3
11,17,2,2.4
11,17,3,2.1
12,1,1,<1.3
12,1,2,1.77574009710161
12,1,3,<1.3
12,3,1,1.89975849725559
12,3,2,1.46832988642773
12,3,3,1.32386905899156
12,4,1,<1.3
12,4,2,<1.3
12,4,3,<1.3
12,5,1,1.86380168798255
12,5,2,<1.3
12,5,3,<1.3
12,6,1,1.4
12,6,2,<1.3
12,6,3,<1.3
12,7,1,>2.2
12,7,2,1.93432043972562
12,7,3,1.6373955207607
12,8,1,1.7992134391924
12,8,2,<1.3
12,8,3,<1.3
12,9,1,1.8
12,9,2,<1.3
12,9,3,1.8
12,10,1,1.74461635404772
12,10,2,>2.2
12,10,3,1.37701638076803
12,12,1,>2.2
12,12,2,1.50098004444242
12,12,3,<1.3
12,13,1,2.2
12,13,2,1.6
12,13,3,<1.3
12,14,1,2.3
12,14,2,<1.3
12,14,3,<1.3
12,15,1,2.4
12,15,2,<1.3
12,15,3,<1.3
12,16,1,2.3
12,16,2,1.3
12,16,3,1.6
12,17,1,2
12,17,2,1.8
12,17,3,<1.3
13,1,1,<1.3
13,1,2,>2.2
13,1,3,1.52007988578943
13,3,1,<1.3
13,3,2,<1.3
13,3,3,<1.3
13,4,1,2.1
13,4,2,>2.2
13,4,3,1.5
13,5,1,1.66957292567077
13,5,2,1.6867426188431
13,5,3,<1.3
13,6,1,1.9
13,6,2,1.9
13,6,3,<1.3
13,7,1,>2.2
13,7,2,>2.2
13,7,3,1.77985433693872
13,8,1,2.08678188223338
13,8,2,>2.2
13,8,3,1.65056274530709
13,9,1,>2.2
13,9,2,>2.2
13,9,3,>2.2
13,10,1,1.75633920846979
13,10,2,1.93470056811983
13,10,3,1.49546038632589
13,11,1,>2.2
13,11,2,1.69009141116499
13,11,3,1.65785927759648
13,12,1,>2.2
13,12,2,1.85733801103323
13,12,3,1.48657444593531
13,13,1,2.2
13,13,2,2.1
13,13,3,1.4
13,15,1,2.2
13,15,2,1.6
13,15,3,<1.3
13,16,1,2.1
13,16,2,1.9
13,16,3,2.2
13,17,1,1.7
13,17,2,1.7
13,17,3,<1.3
14,1,1,1.74193023654133
14,1,2,>2.2
14,1,3,<1.3
14,3,1,1.75676070703383
14,3,2,>2.2
14,3,3,<1.3
14,4,1,2.02331975320481
14,4,2,>2.2
14,4,3,<1.3
14,5,1,<1.3
14,5,2,>2.2
14,5,3,<1.3
14,6,1,<1.3
14,6,2,2
14,6,3,<1.3
14,7,1,1.85346707364421
14,7,2,1.99218406642613
14,7,3,<1.3
14,8,1,1.40289261039394
14,8,2,2.08782060023255
14,8,3,<1.3
14,9,1,1.3
14,9,2,>2.2
14,9,3,1.5
14,10,1,>2.2
14,10,2,>2.2
14,10,3,<1.3
14,11,1,1.82679407668931
14,11,2,1.66177151610253
14,11,3,<1.3
14,13,1,2
14,13,2,1.8
14,13,3,<1.3
14,14,1,1.9
14,14,2,1.7
14,14,3,<1.3
14,15,1,2
14,15,2,1.5
14,15,3,<1.3
14,16,1,1.9
14,16,2,1.9
14,16,3,1.9
14,17,1,1.7
14,17,2,1.9
14,17,3,1.6
15,1,1,<1.3
15,1,2,>2.2
15,1,3,1.52947963664218
15,3,1,>2.2
15,3,2,>2.2
15,3,3,1.5634006987686
15,4,1,>2.2
15,4,2,>2.2
15,4,3,2
15,5,1,>2.2
15,5,2,>2.2
15,5,3,1.4853871024822
15,6,1,>2.2
15,6,2,>2.2
15,6,3,1.7
15,7,1,>2.2
15,7,2,>2.2
15,7,3,>2.2
15,8,1,>2.2
15,8,2,>2.2
15,8,3,1.78023720497772
15,9,1,1.9
15,9,2,>2.2
15,9,3,>2.2
15,10,1,>2.2
15,10,2,>2.2
15,10,3,1.96554610932465
15,11,1,>2.2
15,11,2,>2.2
15,11,3,1.70149718096031
15,12,1,>2.2
15,12,2,>2.2
15,12,3,1.63018124497947
15,13,1,2.3
15,13,2,2.3
15,13,3,1.8
15,14,1,2.4
15,14,2,2.4
15,14,3,1.6
15,15,1,2.4
15,15,2,2.4
15,15,3,1.5
15,16,1,2.4
15,16,2,2.1
15,16,3,2.1
15,17,1,2
15,17,2,2.4
15,17,3,1.6
16,1,1,<1.3
16,1,2,>2.2
16,1,3,<1.3
16,3,1,<1.3
16,3,2,<1.3
16,3,3,<1.3
16,4,1,2.1
16,4,2,>2.2
16,4,3,1.5
16,5,1,>2.2
16,5,2,>2.2
16,5,3,1.72039262691909
16,6,1,>2.2
16,6,2,>2.2
16,6,3,1.86020755844939
16,7,1,>2.2
16,7,2,>2.2
16,7,3,1.76055140663913
16,8,1,2.06543042228282
16,8,2,>2.2
16,8,3,1.57304201186329
16,9,1,1.9
16,9,2,>2.2
16,9,3,1.9
16,10,1,1.92153466161015
16,10,2,>2.2
16,10,3,1.42238954597404
16,11,1,>2.2
16,11,2,>2.2
16,11,3,1.47844311097926
16,12,1,>2.2
16,12,2,>2.2
16,12,3,1.47959126638392
16,13,1,2.4
16,13,2,2
16,13,3,1.4
16,14,1,2.2
16,14,2,2.3
16,14,3,<1.3
16,15,1,2.4
16,15,2,2.4
16,15,3,1.7
16,16,1,2.2
16,16,2,1.9
16,16,3,1.5
16,17,1,2.1
16,17,2,2.3
16,17,3,<1.3
17,1,1,1.45062749884293
17,1,2,>2.2
17,1,3,<1.3
17,3,1,>2.2
17,3,2,>2.2
17,3,3,1.72494529303683
17,4,1,>2.2
17,4,2,>2.2
17,4,3,1.5
17,5,1,>2.2
17,5,2,>2.2
17,5,3,>2.2
17,6,1,>2.2
17,6,2,>2.2
17,6,3,>2.2
17,7,1,>2.2
17,7,2,>2.2
17,7,3,>2.2
17,8,1,>2.2
17,8,2,>2.2
17,8,3,>2.2
17,9,1,>2.2
17,9,2,>2.2
17,9,3,>2.2
17,10,1,2.19782835895234
17,10,2,>2.2
17,10,3,2.00440516713067
17,11,1,>2.2
17,11,2,>2.2
17,11,3,>2.2
17,12,1,>2.2
17,12,2,>2.2
17,12,3,1.93060204515822
17,13,1,2.4
17,13,2,1.9
17,13,3,1.5
17,14,1,2.4
17,14,2,2.4
17,14,3,1.8
17,15,1,2.4
17,15,2,2.4
17,15,3,1.8
17,16,1,2.4
17,16,2,2.2
17,16,3,2.1
17,17,1,2.3
17,17,2,2.3
17,17,3,<1.3
18,1,1,<1.3
18,1,2,1.65837310502818
18,1,3,<1.3
18,3,1,>2.2
18,3,2,1.72198569830301
18,3,3,1.77173752034212
18,4,1,>2.2
18,4,2,>2.2
18,4,3,>2.2
18,5,1,1.73979031113437
18,5,2,1.89466956753281
18,5,3,1.60903121228018
19,1,1,1.7657869121638
19,1,2,>2.2
19,1,3,1.58123197000635
19,3,1,>2.2
19,3,2,>2.2
19,3,3,>2.2
19,4,1,2
19,4,2,>2.2
19,4,3,<1.3
19,5,1,1.79966293319715
19,5,2,>2.2
19,5,3,1.82818149771212
19,6,1,>2.2
19,6,2,>2.2
19,6,3,>2.2
19,7,1,>2.2
19,7,2,>2.2
19,7,3,>2.2
19,8,1,>2.2
19,8,2,>2.2
19,8,3,>2.2
19,9,1,>2.2
19,9,2,>2.2
19,9,3,>2.2
19,10,1,>2.2
19,10,2,>2.2
19,10,3,2.0876804141152
19,12,1,>2.2
19,12,2,<1.3
19,12,3,>2.2
19,13,1,2.4
19,13,2,1.9
19,13,3,1.7
19,14,1,2.4
19,14,2,2.3
19,14,3,1.9
19,15,1,2.4
19,15,2,2.2
19,15,3,1.7
19,16,1,2.4
19,16,2,1.6
19,16,3,1.8
19,17,1,2.3
19,17,2,1.9
19,17,3,<1.3
20,1,1,>2.2
20,1,2,>2.2
20,1,3,1.41135342110192
20,3,1,1.61624017841089
20,3,2,>2.2
20,3,3,<1.3
20,4,1,1.6
20,4,2,2.1
20,4,3,<1.3
20,5,1,1.45790822917667
20,5,2,>2.2
20,5,3,<1.3
20,6,1,1.8
20,6,2,>2.2
20,6,3,<1.3
20,8,1,>2.2
20,8,2,>2.2
20,8,3,1.70337058919811
20,9,1,>2.2
20,9,2,>2.2
20,9,3,>2.2
20,10,1,>2.2
20,10,2,1.68037954320845
20,10,3,1.97016798400555
20,12,1,>2.2
20,12,2,>2.2
20,12,3,1.53621802688149
20,13,1,2.4
20,13,2,2
20,13,3,1.4
20,14,1,2.4
20,14,2,2.2
20,14,3,<1.3
20,15,1,2.4
20,15,2,2.4
20,15,3,1.6
20,16,1,2.4
20,16,2,1.9
20,16,3,1.5
20,17,1,2.4
20,17,2,2.4
20,17,3,<1.3
21,1,1,<1.3
21,1,2,>2.2
21,1,3,<1.3
21,3,1,1.78545309628303
21,3,2,>2.2
21,3,3,<1.3
21,4,1,1.9
21,4,2,2.2
21,4,3,<1.3
21,5,1,1.86026131560623
21,5,2,>2.2
21,5,3,1.33924496142932
21,6,1,1.9
21,6,2,>2.2
21,6,3,<1.3
21,7,1,>2.2
21,7,2,>2.2
21,7,3,1.82258679629505
21,8,1,2.05941397164584
21,8,2,>2.2
21,8,3,1.53733728060893
21,9,1,1.9
21,9,2,>2.2
21,9,3,1.9
21,10,1,>2.2
21,10,2,>2.2
21,10,3,1.40533182596591
21,11,1,>2.2
21,11,2,1.77523024345283
21,11,3,1.39229681707665
21,12,1,2.05990142895635
21,12,2,1.74935228361027
21,12,3,<1.3
21,13,1,2.4
21,13,2,1.8
21,13,3,<1.3
21,14,1,2.3
21,14,2,1.9
21,14,3,<1.3
21,15,1,2.3
21,15,2,2
21,15,3,<1.3
21,16,1,2.2
21,16,2,1.8
21,16,3,1.4
21,17,1,2.2
21,17,2,2.1
21,17,3,<1.3
22,1,1,1.47943683094853
22,1,2,1.78348033915902
22,1,3,<1.3
22,3,1,>2.2
22,3,2,1.75400903439535
22,3,3,<1.3
22,4,1,2
22,4,2,<1.3
22,4,3,<1.3
22,5,1,>2.2
22,5,2,<1.3
22,5,3,<1.3
23,1,1,<1.3
23,1,2,1.7690182202492
23,1,3,<1.3
23,3,1,<1.3
23,3,2,<1.3
23,3,3,<1.3
23,4,1,1.5
23,4,2,<1.3
23,4,3,<1.3
23,5,1,>2.2
23,5,2,<1.3
23,5,3,1.30609997453832
23,6,1,2
23,6,2,<1.3
23,6,3,<1.3
23,7,1,>2.2
23,7,2,1.51884766389106
23,7,3,1.95575465497042
23,8,1,>2.2
23,8,2,1.48132698951249
23,8,3,1.97424711924445
23,9,1,>2.2
23,9,2,1.6
23,9,3,2
23,10,1,>2.2
23,10,2,<1.3
23,10,3,1.75427778509502
23,11,1,>2.2
23,11,2,<1.3
23,11,3,1.4141899076704
23,12,1,>2.2
23,12,2,<1.3
23,12,3,<1.3
23,13,1,2.4
23,13,2,<1.3
23,13,3,1.6
23,14,1,2.4
23,14,2,<1.3
23,14,3,<1.3
23,15,1,2.4
23,15,2,<1.3
23,15,3,1.5
23,16,1,2.4
23,16,2,<1.3
23,16,3,1.9
23,17,1,2.4
23,17,2,1.4
23,17,3,1.8
24,1,1,>2.2
24,1,2,>2.2
24,1,3,>2.2
24,3,1,>2.2
24,3,2,>2.2
24,3,3,>2.2
24,4,1,>2.2
24,4,2,>2.2
24,4,3,1.5
24,5,1,>2.2
24,5,2,1.64377676914228
24,5,3,1.52967552524439
24,6,1,>2.2
24,6,2,>2.2
24,6,3,2.1
25,1,1,1.42915812396168
25,1,2,>2.2
25,1,3,<1.3
25,3,1,>2.2
25,3,2,>2.2
25,3,3,>2.2
25,4,1,2
25,4,2,2.1
25,4,3,<1.3
25,5,1,>2.2
25,5,2,>2.2
25,5,3,<1.3
26,1,1,1.78578829560017
26,1,2,>2.2
26,1,3,<1.3
26,3,1,1.60942501284934
26,3,2,>2.2
26,3,3,<1.3
26,4,1,<1.3
26,4,2,>2.2
26,4,3,<1.3
26,5,1,1.56502350969984
26,5,2,>2.2
26,5,3,<1.3
26,6,1,1.78806685085686
26,6,2,>2.2
26,6,3,1.42083714231541
26,7,1,1.79137963703851
26,7,2,>2.2
26,7,3,<1.3
26,8,1,1.31565619462629
26,8,2,>2.2
26,8,3,<1.3
26,9,1,<1.3
26,9,2,>2.2
26,9,3,<1.3
26,10,1,<1.3
26,10,2,>2.2
26,10,3,<1.3
26,11,1,1.66213636508999
26,11,2,1.88972745676531
26,11,3,<1.3
26,12,1,1.58177144912352
26,12,2,>2.2
26,12,3,<1.3
26,13,1,1.9
26,13,2,1.6
26,13,3,<1.3
26,14,1,2.1
26,14,2,2.3
26,14,3,<1.3
26,15,1,1.6
26,15,2,2
26,15,3,<1.3
26,16,1,2
26,16,2,1.9
26,16,3,<1.3
26,17,1,2
26,17,2,2.3
26,17,3,<1.3
27,3,1,1.87244986983393
27,3,2,>2.2
27,3,3,>2.2
27,4,1,1.9
27,4,2,1.5
27,4,3,1.9
27,5,1,>2.2
27,5,2,<1.3
27,5,3,>2.2
27,6,1,2.2
27,6,2,1.7
27,6,3,2.1
27,7,1,>2.2
27,7,2,1.87117425074442
27,7,3,>2.2
27,8,1,2.18928631987855
27,8,2,1.90808337554561
27,8,3,>2.2
27,9,1,>2.2
27,9,2,>2.2
27,9,3,>2.2
27,10,1,>2.2
27,10,2,>2.2
27,10,3,>2.2
27,12,1,>2.2
27,12,2,>2.2
27,12,3,>2.2
27,13,1,2.4
27,13,2,1.5
27,13,3,1.9
27,14,1,2.4
27,14,2,1.9
27,14,3,2
27,15,1,2.3
27,15,2,1.6
27,15,3,1.8
27,16,1,2.4
27,16,2,1.5
27,16,3,2.4
27,17,1,2.3
27,17,2,1.8
27,17,3,1.9
28,1,1,1.94043463498306
28,1,2,>2.2
28,1,3,<1.3
28,3,1,1.51559219722335
28,3,2,2.02026343310093
28,3,3,1.54533849954271
28,4,1,<1.3
28,4,2,1.7
28,4,3,<1.3
28,5,1,1.35988868642024
28,5,2,1.93629323190466
28,5,3,<1.3
28,6,1,1.6
28,6,2,1.6
28,6,3,<1.3
28,7,1,1.95671095496959
28,7,2,2.11695434649954
28,7,3,1.46806113197443
28,8,1,1.5979107150266
28,8,2,2.0059894582586
28,8,3,<1.3
28,9,1,1.3
28,9,2,>2.2
28,9,3,<1.3
28,10,1,<1.3
28,10,2,1.77088940148357
28,10,3,<1.3
28,11,1,1.91530468539169
28,11,2,1.77604420468491
28,11,3,<1.3
28,12,1,2.01222835195379
28,12,2,>2.2
28,12,3,<1.3
28,13,1,2.2
28,13,2,1.4
28,13,3,<1.3
28,14,1,1.9
28,14,2,1.6
28,14,3,<1.3
28,15,1,1.9
28,15,2,1.7
28,15,3,<1.3
28,16,1,2.1
28,16,2,1.4
28,16,3,<1.3
28,17,1,2
28,17,2,1.9
28,17,3,<1.3
29,1,1,>2.2
29,1,2,>2.2
29,1,3,>2.2
29,3,1,2.09055216461075
29,3,2,>2.2
29,3,3,1.87466374284091
29,4,1,>2.2
29,4,2,1.9
29,4,3,1.5
30,1,1,1.80782782616675
30,1,2,>2.2
30,1,3,>2.2
30,3,1,2.00982176296202
30,3,2,>2.2
30,3,3,>2.2
30,4,1,1.4
30,4,2,1.6
30,4,3,1.4
30,5,1,1.64849378919009
30,5,2,>2.2
30,5,3,1.98848290728899
30,6,1,1.95589389369749
30,6,2,>2.2
30,6,3,>2.2
30,7,1,1.9592264531057
30,7,2,>2.2
30,7,3,1.9025316377684
30,8,1,<1.3
30,8,2,1.93893538339506
30,8,3,1.71964589072395
30,9,1,1.3
30,9,2,>2.2
30,9,3,2.1
30,10,1,<1.3
30,10,2,>2.2
30,10,3,1.88961579753817
30,11,1,1.93185684812115
30,11,2,1.81701358669956
30,11,3,1.76735282531073
30,12,1,2.06599798597345
30,12,2,>2.2
30,12,3,>2.2
30,13,1,2.1
30,13,2,1.5
30,13,3,1.7
30,14,1,2.3
30,14,2,1.9
30,14,3,1.9
30,15,1,2
30,15,2,1.7
30,15,3,1.7
30,16,1,1.9
30,16,2,1.4
30,16,3,1.8
30,17,1,2.1
30,17,2,1.9
30,17,3,1.9
31,1,1,>2.2
31,1,2,>2.2
31,1,3,>2.2
31,3,1,>2.2
31,3,2,>2.2
31,3,3,>2.2
31,4,1,>2.2
31,4,2,2.1
31,4,3,1.5
31,5,1,>2.2
31,5,2,>2.2
31,5,3,>2.2
31,6,1,>2.2
31,6,2,>2.2
31,6,3,>2.2
31,7,1,>2.2
31,7,2,>2.2
31,7,3,>2.2
31,8,1,>2.2
31,8,2,>2.2
31,8,3,>2.2
31,9,1,>2.2
31,9,2,>2.2
31,9,3,>2.2
31,10,1,>2.2
31,10,2,>2.2
31,10,3,>2.2
31,12,1,>2.2
31,12,2,>2.2
31,12,3,>2.2
31,13,1,2.4
31,13,2,2.2
31,13,3,2.2
31,14,2,2.2
31,15,1,2.4
31,15,2,2.4
31,15,3,2.2
32,1,1,1.7596285428204
32,1,2,>2.2
32,1,3,1.63148237667901
32,3,1,1.56803639151864
32,3,2,>2.2
32,3,3,1.66485763943005
32,4,1,1.5
32,4,2,1.8
32,4,3,<1.3
32,5,1,1.81106280036708
32,5,2,>2.2
32,5,3,1.80902780648179
32,6,1,2.08336955343528
32,6,2,>2.2
32,6,3,1.67394427931882
32,7,1,1.86008570189709
32,7,2,>2.2
32,7,3,1.97299554788143
32,8,1,1.58671622941305
32,8,2,>2.2
32,8,3,1.59279599741772
32,9,1,1.6
32,9,2,1.7
32,9,3,1.4
32,10,1,<1.3
32,10,2,>2.2
32,10,3,1.67326246166427
32,11,1,1.9211876829883
32,11,2,1.64065531974905
32,11,3,1.41268475769208
32,12,1,2.02508721379062
32,12,2,1.95100039475255
32,12,3,1.51048117329814
32,13,1,2.2
32,13,2,2.4
32,13,3,<1.3
33,1,1,>2.2
33,1,2,>2.2
33,1,3,>2.2
33,3,1,>2.2
33,3,2,>2.2
33,3,3,1.68507819732233
33,4,1,>2.2
33,4,2,>2.2
33,4,3,>2.2
33,5,1,>2.2
33,5,2,>2.2
33,5,3,>2.2
33,6,1,>2.2
33,6,2,>2.2
33,6,3,>2.2
33,7,1,>2.2
33,7,2,>2.2
33,7,3,>2.2
33,8,1,>2.2
33,8,2,>2.2
33,8,3,>2.2
33,9,1,>2.2
33,9,2,1.8
33,9,3,>2.2
33,10,1,>2.2
33,10,2,>2.2
33,10,3,2.0671430329955
33,11,1,>2.2
33,11,2,>2.2
33,11,3,>2.2
33,12,1,>2.2
33,12,2,>2.2
33,12,3,>2.2
33,13,1,2.4
33,13,2,2.4
33,13,3,2.2
33,14,1,2.4
33,14,2,2.2
33,14,3,2.2
33,15,1,2.4
33,15,2,2.3
33,15,3,2
33,16,1,2.4
33,16,2,2.4
33,16,3,2.4
33,17,1,2.4
33,17,2,2.4
33,17,3,2.2
34,1,1,1.89693772074367
34,1,2,>2.2
34,1,3,1.90372806281883
34,3,1,<1.3
34,3,2,<1.3
34,3,3,<1.3
34,4,1,<1.3
34,4,2,1.9
34,4,3,<1.3
34,5,1,1.72169809296252
34,5,2,>2.2
34,5,3,1.55545301426864
34,6,1,2.09239437890344
34,6,2,>2.2
34,6,3,1.77599360293907
34,7,1,1.81187928554076
34,7,2,>2.2
34,7,3,1.91467484049789
34,8,1,1.42816402295896
34,8,2,2.04950570128322
34,8,3,1.58771574269275
34,9,1,1.5
34,9,2,1.7
34,9,3,1.3
34,10,1,>2.2
34,10,2,>2.2
34,10,3,1.85525980736693
34,11,1,2.01770872830223
34,11,2,1.8902700975867
34,11,3,1.58057739618285
34,12,1,1.84074311221137
34,12,2,>2.2
34,12,3,<1.3
34,13,1,2.2
34,13,2,2.1
34,13,3,1.6
34,14,1,2.4
34,14,2,2.3
34,14,3,1.8
34,15,1,2.1
34,15,2,1.9
34,15,3,<1.3
34,16,1,2.1
34,16,2,<1.3
34,16,3,1.8
34,17,1,2.2
34,17,2,2.4
34,17,3,2
35,1,1,>2.2
35,1,2,>2.2
35,1,3,1.95420695045726
35,3,1,>2.2
35,3,2,>2.2
35,3,3,1.81921739122748
35,4,1,>2.2
35,4,2,>2.2
35,4,3,1.7
35,5,1,>2.2
35,5,2,>2.2
35,5,3,1.75472973018155
35,6,1,1.7
35,6,2,2
35,6,3,1.7
35,7,1,>2.2
35,7,2,>2.2
35,7,3,>2.2
35,8,1,>2.2
35,8,2,>2.2
35,8,3,1.85567427622555
35,9,1,>2.2
35,9,2,>2.2
35,9,3,>2.2
35,10,1,>2.2
35,10,2,>2.2
35,10,3,1.47332861863675
35,11,1,>2.2
35,11,2,>2.2
35,11,3,1.6000075140848
35,12,1,>2.2
35,12,2,1.78530670136454
35,12,3,<1.3
35,13,1,2.4
35,13,2,1.9
35,13,3,<1.3
35,14,1,2.4
35,14,2,2.4
35,14,3,1.7
35,15,1,2.3
35,15,2,2
35,15,3,<1.3
35,16,1,2.4
35,16,2,<1.3
35,16,3,1.6
35,17,1,2.3
35,17,2,2.2
35,17,3,1.6
36,1,1,>2.2
36,1,2,>2.2
36,1,3,>2.2
36,3,1,2.06637322316298
36,3,2,>2.2
36,3,3,<1.3
36,4,1,1.7
36,4,2,>2.2
36,4,3,1.4
36,5,1,>2.2
36,5,2,>2.2
36,5,3,1.91402347304867
36,6,1,2
36,6,2,2
36,6,3,1.6
36,7,1,1.94262618457915
36,7,2,>2.2
36,7,3,2.05272400737101
36,8,1,2.05813504786548
36,8,2,>2.2
36,8,3,1.86553594716225
36,9,1,>2.2
36,9,2,>2.2
36,9,3,1.9
36,10,1,1.74084939413409
36,10,2,>2.2
36,10,3,1.74699225105855
36,12,1,>2.2
36,12,2,>2.2
36,12,3,1.93642274442104
36,13,1,2.4
36,13,2,2.4
36,13,3,2
36,14,1,2.4
36,14,2,2.2
36,14,3,1.4
36,15,1,2.3
36,15,2,2.1
36,15,3,1.5
36,16,1,2
36,16,2,<1.3
36,16,3,1.5
36,17,1,2.3
36,17,2,2.2
36,17,3,1.7
37,4,1,>2.2
37,4,2,>2.2
37,4,3,2
37,5,1,>2.2
37,5,2,>2.2
37,5,3,1.38617848015179
38,8,1,>2.2
38,8,2,>2.2
38,8,3,>2.2
38,9,1,>2.2
38,9,2,<1.3
38,9,3,>2.2
38,10,1,2.00210003471033
38,10,2,2.02623862158175
38,10,3,2.19700472821296
38,11,1,>2.2
38,11,2,>2.2
38,11,3,>2.2
38,12,1,>2.2
38,12,2,>2.2
38,12,3,>2.2
38,13,1,2.4
38,13,2,2.3
38,13,3,2
38,14,1,2.4
38,14,2,2.3
38,14,3,2
38,15,1,2.4
38,15,2,2
38,15,3,2.1
38,16,1,2.4
38,16,2,<1.3
38,16,3,2.2
38,17,1,2.4
38,17,2,2.2
38,17,3,2.1
39,8,1,1.81000449804148
39,8,2,1.8614733475677
39,8,3,2.07850819426007
39,9,1,1.9
39,9,2,<1.3
39,9,3,1.6
39,10,1,1.48453007856873
39,10,2,1.66594992397413
39,10,3,1.50419787637393
39,11,1,2.07997590593545
39,11,2,1.91129715795927
39,11,3,1.97944613552715
39,12,1,>2.2
39,12,2,>2.2
39,12,3,>2.2
40,3,1,>2.2
40,3,2,>2.2
40,3,3,1.77108676751204
40,4,1,2.1
40,4,2,>2.2
40,4,3,1.5
40,5,1,>2.2
40,5,2,>2.2
40,5,3,1.45154499349597
40,6,1,2.1
40,6,2,>2.2
40,6,3,<1.3
40,7,1,1.94262618457915
40,7,2,>2.2
40,7,3,1.93696357005685
40,8,1,2.11717199847143
40,8,2,>2.2
40,8,3,1.83435712894822
40,9,1,>2.2
40,9,2,>2.2
40,9,3,<1.3
40,10,1,>2.2
40,10,2,>2.2
40,10,3,>2.2
40,12,1,>2.2
40,12,2,>2.2
40,12,3,>2.2
40,14,1,2.4
40,14,2,2.4
40,14,3,1.7
40,15,1,1.9
40,15,2,1.4
40,15,3,<1.3
40,16,1,2.4
40,16,2,<1.3
40,16,3,1.8
40,17,1,2.4
40,17,2,2.4
40,17,3,1.8
41,1,1,1.45319082268341
41,1,2,>2.2
41,1,3,>2.2
41,3,1,>2.2
41,3,2,>2.2
41,3,3,<1.3
41,4,1,2.1
41,4,2,>2.2
41,4,3,1.5
41,5,1,>2.2
41,5,2,>2.2
41,5,3,1.93844966613087
41,6,1,>2.2
41,6,2,<1.3
41,6,3,1.5
41,7,1,1.95268363835133
41,7,2,>2.2
41,7,3,1.84921821574567
41,8,1,2.17927770146035
41,8,2,>2.2
41,8,3,1.82688616611738
41,9,1,>2.2
41,9,2,>2.2
41,9,3,1.8
41,10,1,>2.2
41,10,2,>2.2
41,10,3,1.45563195143456
41,12,1,>2.2
41,12,2,>2.2
41,12,3,1.85264227336737
41,13,1,2.4
41,13,2,2.3
41,13,3,1.6
41,14,1,2.4
41,14,2,2.3
41,14,3,1.8
41,15,1,2.4
41,15,2,2.3
41,15,3,1.7
41,16,1,2.4
41,16,2,<1.3
41,16,3,2
41,17,1,2.3
41,17,2,2.3
41,17,3,1.5
42,1,1,<1.3
42,1,2,1.53169539481827
42,1,3,<1.3
42,3,1,>2.2
42,3,2,<1.3
42,3,3,1.4766070934188
42,4,1,>2.2
42,4,2,<1.3
42,4,3,1.5
42,5,1,>2.2
42,5,2,>2.2
42,5,3,1.48501378070233
42,6,1,1.9
42,6,2,1.5
42,6,3,<1.3
42,7,1,>2.2
42,7,2,1.66767425769634
42,7,3,>2.2
42,8,1,>2.2
42,8,2,1.41596642736972
42,8,3,1.9727951548768
42,9,1,>2.2
42,9,2,1.4
42,9,3,>2.2
42,10,1,>2.2
42,10,2,1.62912672285581
42,10,3,1.67224072217962
42,11,1,>2.2
42,11,2,1.57412549198045
42,11,3,1.80187689082207
42,12,1,>2.2
42,12,2,1.58429318757497
42,12,3,1.59571977503152
42,14,1,2.4
42,14,2,<1.3
42,14,3,1.7
42,15,1,2.2
42,15,2,<1.3
42,15,3,1.5
42,16,1,2.4
42,16,2,<1.3
42,16,3,1.9
42,17,1,2.3
42,17,2,1.4
42,17,3,1.7
43,1,1,<1.3
43,1,2,1.90774989404557
43,1,3,<1.3
43,3,1,<1.3
43,3,2,<1.3
43,3,3,<1.3
43,4,1,<1.3
43,4,2,<1.3
43,4,3,<1.3
43,5,1,1.88298646817826
43,5,2,<1.3
43,5,3,1.39588974094754
43,6,1,2
43,6,2,2
43,6,3,1.4
43,7,1,>2.2
43,7,2,>2.2
43,7,3,1.89000747181603
43,8,1,1.80701794051468
43,8,2,1.92302407723289
43,8,3,1.46291723777661
43,9,1,1.9
43,9,2,1.9
43,9,3,1.6
43,10,1,>2.2
43,10,2,1.76564037493156
43,10,3,1.78705869676677
43,11,1,>2.2
43,11,2,1.67773161354965
43,11,3,1.73650723847898
43,12,1,>2.2
43,12,2,1.83664884540998
43,12,3,1.70775921369469
43,13,1,2.4
43,13,2,2
43,13,3,1.8
43,14,1,2.4
43,14,2,1.8
43,14,3,1.5
43,15,1,2.2
43,15,2,1.4
43,15,3,<1.3
43,16,1,2.3
43,16,2,<1.3
43,16,3,1.6
43,17,1,2.2
43,17,2,1.7
43,17,3,1.6
44,1,1,<1.3
44,1,2,>2.2
44,1,3,1.60957947498318
44,3,1,>2.2
44,3,2,>2.2
44,3,3,1.67770877706674
44,4,1,2
44,4,2,2
44,4,3,<1.3
44,5,1,>2.2
44,5,2,>2.2
44,5,3,1.37495640956514
44,7,1,>2.2
44,7,2,>2.2
44,7,3,1.59384428132441
44,8,1,>2.2
44,8,2,>2.2
44,8,3,1.55844408973398
44,9,1,>2.2
44,9,2,>2.2
44,9,3,1.8
44,10,1,>2.2
44,10,2,>2.2
44,10,3,1.69773146768271
44,11,1,>2.2
44,11,2,1.89714167041929
44,11,3,1.66523234443263
44,12,1,>2.2
44,12,2,1.9211249689148
44,12,3,1.45015535704744
44,13,1,2.4
44,13,2,2.1
44,13,3,1.5
44,14,1,2.4
44,14,2,2.1
44,14,3,<1.3
44,15,1,2.4
44,15,2,1.8
44,15,3,<1.3
44,16,1,2.3
44,16,2,<1.3
44,16,3,<1.3
44,17,1,2.4
44,17,2,2
44,17,3,<1.3
45,1,1,<1.3
45,1,2,>2.2
45,1,3,<1.3
45,3,1,>2.2
45,3,2,>2.2
45,3,3,1.79222538720235
45,4,1,1.8
45,4,2,1.9
45,4,3,1.5
45,5,1,>2.2
45,5,2,>2.2
45,5,3,1.38437639582401
45,6,1,>2.2
45,6,2,>2.2
45,6,3,1.6
45,7,1,>2.2
45,7,2,>2.2
45,7,3,>2.2
45,8,1,2.12079804188235
45,8,2,>2.2
45,8,3,1.79806396628251
45,9,1,>2.2
45,9,2,>2.2
45,9,3,2
45,10,1,>2.2
45,10,2,>2.2
45,10,3,>2.2
45,11,1,>2.2
45,11,2,1.88464267610208
45,11,3,1.80929277575175
45,12,1,>2.2
45,12,2,>2.2
45,12,3,1.89987645270471
45,13,1,2.4
45,13,2,2.4
45,13,3,2
45,14,1,2.4
45,14,2,2.3
45,14,3,1.8
45,15,1,2.4
45,15,2,1.8
45,15,3,<1.3
45,16,1,2.3
45,16,2,<1.3
45,16,3,1.4
45,17,1,2.2
45,17,2,2.3
45,17,3,1.3
47,8,1,>2.2
47,8,2,>2.2
47,8,3,>2.2
47,9,1,1.9
47,9,2,>2.2
47,9,3,>2.2
47,10,1,1.57910193377732
47,10,2,>2.2
47,10,3,2.01343116358441
47,11,1,>2.2
47,11,2,>2.2
47,11,3,>2.2
47,12,1,>2.2
47,12,2,>2.2
47,12,3,>2.2
47,13,1,2.3
47,13,2,2.4
47,13,3,2.2
47,14,1,2.4
47,14,2,2.4
47,14,3,1.9
47,15,1,2.1
47,15,2,2.3
47,15,3,1.7
47,16,1,2.3
47,16,2,2.2
47,16,3,2
47,17,1,2.2
47,17,2,2.3
47,17,3,2
48,8,1,>2.2
48,8,2,2.09650112838041
48,8,3,1.96958416825639
48,9,1,>2.2
48,9,2,>2.2
48,9,3,1.6
48,10,1,2.08812425990007
48,10,2,1.82035936580597
48,10,3,1.50157070550268
48,11,1,>2.2
48,11,2,1.73254648019382
48,11,3,1.50647747445655
49,1,1,<1.3
49,1,2,>2.2
49,1,3,<1.3
49,3,1,1.85611767365887
49,3,2,>2.2
49,3,3,1.73353236378433
49,4,1,>2.2
49,4,2,>2.2
49,4,3,1.8
49,5,1,>2.2
49,5,2,1.66487032121205
49,5,3,>2.2
49,6,1,<1.3
49,6,2,1.5
49,6,3,<1.3
49,7,1,>2.2
49,7,2,>2.2
49,7,3,>2.2
49,8,1,>2.2
49,8,2,>2.2
49,8,3,2.00156024335136
49,9,1,>2.2
49,9,2,>2.2
49,9,3,1.9
49,10,1,<1.3
49,10,2,>2.2
49,10,3,1.54026962379693
49,11,1,>2.2
49,11,2,>2.2
49,11,3,1.74131383056303
49,12,1,>2.2
49,12,2,>2.2
49,12,3,1.77845696801392
49,13,1,2.4
49,13,2,2.4
49,13,3,1.7
49,14,1,2.4
49,14,2,2.4
49,14,3,1.5
49,15,1,2.4
49,15,2,2.1
49,15,3,1.4
49,17,1,2.4
49,17,2,2.4
49,17,3,1.7
50,8,1,>2.2
50,8,2,>2.2
50,8,3,2.12090191274348
51,1,1,1.89189058813445
51,1,2,>2.2
51,1,3,1.55067685301729
51,3,1,1.88704474889778
51,3,2,>2.2
51,3,3,1.63831923690621
51,4,1,1.8
51,4,2,1.9
51,4,3,<1.3
51,5,1,1.95931814316167
51,5,2,>2.2
51,5,3,1.3552153948835
51,6,1,>2.2
51,6,2,>2.2
51,6,3,1.62268240777687
51,8,1,1.6596267185801
51,8,2,1.84417087216584
51,8,3,<1.3
51,9,1,1.9
51,9,2,>2.2
51,9,3,<1.3
51,10,1,>2.2
51,10,2,>2.2
51,10,3,1.37537343588869
51,11,1,>2.2
51,11,2,1.95301066911431
51,11,3,1.30130465806878
51,12,1,>2.2
51,12,2,>2.2
51,12,3,<1.3
51,13,1,2.4
51,13,2,2
51,13,3,<1.3
51,14,1,2.4
51,14,2,2.2
51,14,3,1.4
51,15,1,2.3
51,15,2,1.9
51,15,3,<1.3
51,16,1,2.4
51,16,2,1.9
51,16,3,1.4
51,17,1,2.2
51,17,2,2.1
51,17,3,<1.3
52,4,1,<1.3
52,4,2,1.6
52,4,3,<1.3
52,5,1,1.44242287241525
52,5,2,1.89166750494303
52,5,3,<1.3
52,6,1,2.1
52,6,2,>2.2
52,6,3,<1.3
52,7,1,1.90501473120974
52,7,2,1.98031554573226
52,7,3,1.51374926454859
52,8,1,1.4018195812516
52,8,2,1.6235080631062
52,8,3,<1.3
52,9,1,1.6
52,9,2,2.1
52,9,3,<1.3
52,10,1,<1.3
52,10,2,1.9723189941509
52,10,3,1.44520751990305
52,11,1,>2.2
52,11,2,1.92048316583096
52,11,3,1.83373772977921
52,12,1,2.07290566598265
52,12,2,1.78569499313724
52,12,3,<1.3
52,13,1,2.2
52,13,2,1.8
52,13,3,<1.3
52,14,1,2.2
52,14,2,1.7
52,14,3,<1.3
52,15,1,2.1
52,15,2,1.4
52,15,3,<1.3
52,16,1,1.9
52,16,2,1.3
52,16,3,<1.3
53,8,1,2.18958910780069
53,8,2,>2.2
53,8,3,>2.2
53,9,1,>2.2
53,9,2,>2.2
53,9,3,>2.2
53,10,1,2.0500982648162
53,10,2,1.96792721682726
53,10,3,2.08819606796205
53,11,1,>2.2
53,11,2,1.89184036631383
53,11,3,>2.2
53,12,1,>2.2
53,12,2,>2.2
53,12,3,>2.2
53,13,1,2.3
53,13,2,2.1
53,13,3,2.2
53,14,1,2.4
53,14,2,1.9
53,14,3,1.9
53,15,1,2.4
53,15,2,1.7
53,15,3,1.7
54,4,1,2.1
54,4,2,>2.2
54,4,3,<1.3
54,5,1,2.12688103940682
54,5,2,>2.2
54,5,3,1.54467998807283
54,6,1,>2.2
54,6,2,>2.2
54,6,3,2.1
54,7,1,>2.2
54,7,2,>2.2
54,7,3,1.97281463623746
54,8,1,>2.2
54,8,2,>2.2
54,8,3,1.84119180741015
54,9,1,2
54,9,2,>2.2
54,9,3,2
54,10,1,>2.2
54,10,2,>2.2
54,10,3,1.58999441660297
54,11,1,>2.2
54,11,2,>2.2
54,11,3,1.63045904752268
54,12,1,>2.2
54,12,2,>2.2
54,12,3,1.38814283053154
54,13,1,2.2
54,13,2,2.3
54,13,3,1.8
54,14,1,2.3
54,14,2,1.9
54,14,3,<1.3
54,15,1,2.3
54,15,2,2
54,15,3,<1.3
54,16,1,2.3
54,16,2,2
54,16,3,1.5
55,4,1,2.2
55,4,2,>2.2
55,4,3,1.7
55,5,1,>2.2
55,5,2,>2.2
55,5,3,>2.2
55,6,1,2.2
55,6,2,<1.3
55,6,3,1.7
55,7,1,>2.2
55,7,2,>2.2
55,7,3,>2.2
55,8,1,>2.2
55,8,2,>2.2
55,8,3,2.1861591199955
55,9,1,>2.2
55,9,2,>2.2
55,9,3,1.9
55,10,1,>2.2
55,10,2,>2.2
55,10,3,2.10040478981785
55,11,1,>2.2
55,11,2,>2.2
55,11,3,2.02473261102597
55,12,1,>2.2
55,12,2,>2.2
55,12,3,2.05743646395691
55,13,1,2.4
55,13,2,2.2
55,13,3,2.1
55,14,1,2.4
55,14,2,2.3
55,14,3,2.1
55,15,1,2.4
55,15,2,2.2
55,15,3,1.7
55,16,1,2.4
55,16,2,1.8
55,16,3,1.8
55,17,1,2.4
55,17,2,2.1
55,17,3,2
56,1,1,<1.3
56,1,2,<1.3
56,1,3,1.47322617136852
56,3,1,<1.3
56,3,2,<1.3
56,3,3,<1.3
56,4,1,1.6
56,4,2,<1.3
56,4,3,<1.3
56,5,1,1.7265545126346
56,5,2,<1.3
56,5,3,<1.3
56,6,1,>2.2
56,6,2,1.74925236227624
56,6,3,1.55322496348714
56,7,1,1.8842274936575
56,7,2,1.49900018249935
56,7,3,1.37752298528309
56,8,1,1.73579066312396
56,8,2,1.65801152852679
56,8,3,<1.3
56,9,1,1.5
56,9,2,1.5
56,9,3,<1.3
56,10,1,>2.2
56,10,2,1.64340448388711
56,10,3,1.40998579166544
56,11,1,>2.2
56,11,2,<1.3
56,11,3,<1.3
56,12,1,2.09376214827713
56,12,2,1.57111970711478
56,12,3,1.3054310189924
56,14,1,2.4
56,14,2,1.6
56,14,3,<1.3
56,15,1,2.1
56,15,2,<1.3
56,15,3,<1.3
56,16,1,2.3
56,16,2,<1.3
56,16,3,<1.3
56,17,1,2.3
56,17,2,1.5
56,17,3,1.6
57,8,1,1.72289159774445
57,8,2,1.95457255157106
57,8,3,2.03846442291184
57,9,1,1.5
57,9,2,1.8
57,9,3,1.9
57,10,1,<1.3
57,10,2,<1.3
57,10,3,1.41148063770942
57,11,1,2.06794606975191
57,11,2,1.72038629349703
57,11,3,1.89677908561534
57,12,1,2.12697856742978
57,12,2,1.81275482314754
57,12,3,1.86524118636753
57,13,1,2
57,13,2,1.5
57,13,3,1.9
57,14,1,2.3
57,14,2,2
57,14,3,1.9
57,15,1,2.1
57,15,2,1.6
57,15,3,1.5
57,16,1,2.3
57,16,2,1.5
57,16,3,1.8
57,17,1,2.3
57,17,2,2.2
57,17,3,2.1
58,1,1,1.31912133227993
58,1,2,>2.2
58,1,3,1.41545147195092
58,3,1,>2.2
58,3,2,>2.2
58,3,3,1.73874952142149
58,4,1,>2.2
58,4,2,2.1
58,4,3,1.6
58,5,1,>2.2
58,5,2,>2.2
58,5,3,1.79541544840683
58,6,1,>2.2
58,6,2,>2.2
58,6,3,1.89063061038739
58,7,1,>2.2
58,7,2,>2.2
58,7,3,>2.2
58,8,1,>2.2
58,8,2,>2.2
58,8,3,2.00848017285064
58,9,1,1.5
58,9,2,1.9
58,9,3,1.8
58,10,1,>2.2
58,10,2,2.0789631346975
58,10,3,1.62881028715118
58,11,1,>2.2
58,11,2,>2.2
58,11,3,1.88305287512123
58,12,1,>2.2
58,12,2,>2.2
58,12,3,1.84639445117288
58,13,1,2.4
58,13,2,2.2
58,13,3,1.9
58,14,1,2.4
58,14,2,2.3
58,14,3,1.9
58,15,1,2.4
58,15,2,2.2
58,15,3,1.8
58,16,1,2.4
58,16,2,1.8
58,16,3,1.7
58,17,1,2.4
58,17,2,2.1
58,17,3,1.7
59,8,1,1.52256755829641
59,8,2,>2.2
59,8,3,1.76860617236099
60,1,1,<1.3
60,1,2,<1.3
60,1,3,<1.3
60,3,1,>2.2
60,3,2,<1.3
60,3,3,1.52223747947945
60,4,1,2.2
60,4,2,<1.3
60,4,3,<1.3
60,5,1,>2.2
60,5,2,1.89262159867793
60,5,3,2.04352022785027
60,6,1,<1.3
60,6,2,<1.3
60,6,3,<1.3
60,7,1,>2.2
60,7,2,<1.3
60,7,3,>2.2
60,8,1,>2.2
60,8,2,<1.3
60,8,3,>2.2
60,9,1,1.5
60,9,2,1.6
60,9,3,>2.2
60,10,1,2.17624683490926
60,10,2,<1.3
60,10,3,1.90933172268403
60,11,1,>2.2
60,11,2,<1.3
60,11,3,>2.2
60,12,1,>2.2
60,12,2,1.80883005136574
60,12,3,>2.2
60,13,1,2.2
60,13,2,<1.3
60,13,3,2.4
60,14,1,2.4
60,14,2,<1.3
60,14,3,2.2
60,15,1,2.4
60,15,2,<1.3
60,15,3,2.3
60,16,1,2.4
60,16,2,<1.3
60,16,3,2.1
60,17,1,2.4
60,17,2,1.5
60,17,3,2.2
61,8,1,>2.2
61,8,2,>2.2
61,8,3,>2.2
61,9,1,>2.2
61,9,2,>2.2
61,9,3,>2.2
61,10,1,1.89889574190245
61,10,2,2.06680690821172
61,10,3,>2.2
61,11,1,>2.2
61,11,2,>2.2
61,11,3,>2.2
62,8,1,1.88016694911872
62,8,2,>2.2
62,8,3,>2.2
62,9,1,>2.2
62,9,2,1.9
62,9,3,1.7
62,10,1,<1.3
62,10,2,1.71858983984487
62,10,3,1.43709983375143
62,11,1,2.1144218079444
62,11,2,<1.3
62,11,3,1.92817581996394
62,12,1,>2.2
62,12,2,>2.2
62,12,3,1.87435389349461
63,13,1,2.4
63,13,2,2.2
63,13,3,2.4
63,14,1,2.4
63,14,2,2.2
63,14,3,2.2
63,15,1,2.4
63,15,2,2
63,15,3,2.4
63,16,1,2.4
63,16,2,1.9
63,16,3,2.2
63,17,1,2.4
63,17,2,2.1
63,17,3,2.4
64,13,1,2.4
64,13,2,2.4
64,13,3,2.4
64,14,1,2.4
64,14,2,2.3
64,14,3,2.1
64,15,1,2.4
64,15,2,2.4
64,15,3,2.3
64,16,1,2.4
64,16,2,2.3
64,16,3,2.3
64,17,1,2.4
64,17,2,2.2
64,17,3,2.4
101,1,1,1.53633358396668
101,1,2,1.59776956963293
101,1,3,<1.3
101,3,1,>2.2
101,3,2,1.54694092975358
101,3,3,1.42676349471947
102,1,1,1.68128242433072
102,1,2,>2.2
102,1,3,1.83113560487297
102,3,1,<1.3
102,3,2,<1.3
102,3,3,<1.3
102,4,1,<1.3
102,4,2,<1.3
102,4,3,<1.3
102,5,1,<1.3
102,5,2,<1.3
102,5,3,<1.3
102,6,1,<1.3
102,6,2,1.57115956130947
102,6,3,<1.3
102,7,1,1.93119125257183
102,7,2,1.8315191353525
102,7,3,<1.3
102,8,1,>2.2
102,8,2,1.50788612820512
102,8,3,1.50692037430304
102,9,1,1.4
102,9,2,1.7
102,9,3,1.3
102,10,1,>2.2
102,10,2,1.91943805791752
102,10,3,1.3265300900979
102,12,1,>2.2
102,12,2,<1.3
102,12,3,1.48675318012334
102,13,1,2.4
102,13,2,1.6
102,13,3,1.5
102,14,1,2.4
102,14,2,1.7
102,14,3,<1.3
102,15,1,2.3
102,15,2,<1.3
102,15,3,<1.3
102,16,1,2
102,16,2,1.4
102,16,3,1.4
102,17,1,2.3
102,17,2,1.7
102,17,3,<1.3
104,3,1,<1.3
104,3,2,1.6636487241113
104,3,3,<1.3
104,4,1,<1.3
104,4,2,<1.3
104,4,3,<1.3
104,5,1,<1.3
104,5,2,<1.3
104,5,3,<1.3
104,6,1,2
104,6,2,<1.3
104,6,3,<1.3
105,3,1,2.1190820974239
105,3,2,1.55748688038201
105,3,3,1.69023744830769
105,4,1,2
105,4,2,<1.3
105,4,3,<1.3
105,5,1,>2.2
105,5,2,1.39686378016595
105,5,3,1.48132948834863
105,6,1,>2.2
105,6,2,<1.3
105,6,3,1.5
106,1,1,<1.3
106,1,2,>2.2
106,1,3,<1.3
106,3,1,>2.2
106,3,2,1.90595078707336
106,3,3,1.71818879727048
106,4,1,>2.2
106,4,2,<1.3
106,4,3,<1.3
106,5,1,>2.2
106,5,2,1.61502198878832
106,5,3,1.76195796586209
107,1,1,<1.3
107,1,2,1.53840414291385
107,1,3,<1.3
107,3,1,>2.2
107,3,2,<1.3
107,3,3,>2.2
107,4,1,>2.2
107,4,2,<1.3
107,4,3,1.4
107,5,1,>2.2
107,5,2,<1.3
107,5,3,1.76734829041306
107,6,1,>2.2
107,6,2,<1.3
107,6,3,1.6
107,7,1,>2.2
107,7,2,1.83673033601408
107,7,3,>2.2
107,8,1,>2.2
107,8,2,1.50453657903796
107,8,3,1.98149916981558
107,9,1,1.5
107,9,2,1.8
107,9,3,1.9
107,10,1,>2.2
107,10,2,1.68786187037172
107,10,3,>2.2
107,11,1,>2.2
107,11,2,1.90388943893601
107,11,3,1.90470018309713
107,12,1,>2.2
107,12,2,1.87894538429459
107,12,3,2.09449593926508
107,13,1,2.4
107,13,2,1.7
107,13,3,1.7
107,14,1,2.4
107,14,2,1.5
107,14,3,1.6
107,15,1,2.4
107,15,2,<1.3
107,15,3,1.7
107,16,1,2.2
107,16,2,1.6
107,16,3,2.1
107,17,1,2.4
107,17,2,1.6
107,17,3,1.8
108,1,1,1.59054643272987
108,1,2,>2.2
108,1,3,<1.3
109,1,1,>2.2
109,1,2,>2.2
109,1,3,1.85387057093538
109,3,1,<1.3
109,3,2,<1.3
109,3,3,<1.3
109,4,1,<1.3
109,4,2,<1.3
109,4,3,<1.3
109,5,1,<1.3
109,5,2,<1.3
109,5,3,<1.3
109,6,1,<1.3
109,6,2,<1.3
109,6,3,<1.3
110,1,1,<1.3
110,1,2,>2.2
110,1,3,<1.3
110,3,1,>2.2
110,3,2,1.92071620684842
110,3,3,1.70190060111231
110,4,1,>2.2
110,4,2,<1.3
110,4,3,<1.3
111,4,1,1.7
111,4,2,<1.3
111,4,3,<1.3
111,5,1,1.7124011347189
111,5,2,<1.3
111,5,3,<1.3
111,6,1,1.8
111,6,2,<1.3
111,6,3,<1.3
111,7,1,>2.2
111,7,2,1.55116507354021
111,7,3,1.5592342844702
111,8,1,>2.2
111,8,2,<1.3
111,8,3,1.42833446154067
111,9,1,1.5
111,9,2,<1.3
111,9,3,<1.3
111,10,1,>2.2
111,10,2,1.64290978171501
111,10,3,1.50248853122372
111,11,1,>2.2
111,11,2,1.56666607344086
111,11,3,1.41044665481133
111,12,1,>2.2
111,12,2,1.71162653690318
111,12,3,<1.3
111,13,1,2.4
111,13,2,<1.3
111,13,3,<1.3
111,14,1,2.4
111,14,2,<1.3
111,14,3,<1.3
111,15,1,2.4
111,15,2,<1.3
111,15,3,<1.3
111,16,1,2.3
111,16,2,1.4
111,16,3,1.6
111,17,1,2.4
111,17,2,1.7
111,17,3,1.4
112,3,1,1.77036499711164
112,3,2,1.86811439889978
112,3,3,1.69023744830769
112,4,1,1.5
112,4,2,<1.3
112,4,3,<1.3
112,5,1,1.74819238685729
112,5,2,<1.3
112,5,3,<1.3
112,6,1,>2.2
112,6,2,1.54429374964978
112,6,3,1.83334612025153
112,7,1,>2.2
112,7,2,1.62314336555611
112,7,3,1.57789144636607
112,8,1,1.83893106872417
112,8,2,<1.3
112,8,3,1.45366575276092
112,9,1,1.5
112,9,2,<1.3
112,9,3,>2.2
112,10,1,2.17257608919049
112,10,2,<1.3
112,10,3,<1.3
112,12,1,>2.2
112,12,2,1.57478744030062
112,12,3,1.44480272067728
112,13,1,2.4
112,13,2,<1.3
112,13,3,1.4
112,14,1,2.4
112,14,2,<1.3
112,14,3,1.4
112,15,1,2.4
112,15,2,<1.3
112,15,3,<1.3
112,16,1,2.3
112,16,2,1.4
112,16,3,1.5
112,17,1,2.4
112,17,2,1.4
112,17,3,1.4
113,3,1,<1.3
113,3,2,1.78967310634478
113,3,3,1.71818879727048
113,4,1,<1.3
113,4,2,<1.3
113,4,3,<1.3
113,5,1,<1.3
113,5,2,<1.3
113,5,3,<1.3
113,6,1,<1.3
113,6,2,1.43853928255117
113,6,3,<1.3
114,3,1,>2.2
114,3,2,1.83987553357998
114,3,3,>2.2
114,4,1,>2.2
114,4,2,<1.3
114,4,3,1.5
114,5,1,>2.2
114,5,2,<1.3
114,5,3,1.75739560104362
115,3,1,>2.2
115,3,2,>2.2
115,3,3,<1.3
115,4,1,2.2
115,4,2,<1.3
115,4,3,1.5
115,5,1,2.09514840248457
115,5,2,<1.3
115,5,3,<1.3
115,6,1,>2.2
115,6,2,<1.3
115,6,3,1.4
115,7,1,>2.2
115,7,2,1.77591326972267
115,7,3,1.88211200902172
115,8,1,2.13108219986957
115,8,2,1.43668673693396
115,8,3,1.75457792846574
115,9,1,>2.2
115,9,2,<1.3
115,9,3,1.7
115,12,1,>2.2
115,12,2,1.70156794777908
115,12,3,1.57752560968218
115,13,1,2.4
115,13,2,1.4
115,13,3,<1.3
115,14,1,2.4
115,14,2,<1.3
115,14,3,<1.3
115,15,1,2.3
115,15,2,1.4
115,15,3,<1.3
115,16,1,2.2
115,16,2,<1.3
115,16,3,1.6
116,3,1,1.41431775463411
116,3,2,1.84504343050125
116,3,3,1.70190060111231
116,4,1,<1.3
116,4,2,<1.3
116,4,3,<1.3
116,5,1,<1.3
116,5,2,<1.3
116,5,3,<1.3
116,6,1,<1.3
116,6,2,<1.3
116,6,3,<1.3
117,3,1,1.47017177621888
117,3,2,1.88687846257251
117,3,3,1.74952307215322
117,4,1,<1.3
117,4,2,<1.3
117,4,3,<1.3
117,5,1,<1.3
117,5,2,<1.3
117,5,3,<1.3
117,6,1,<1.3
117,6,2,<1.3
117,6,3,<1.3
117,7,1,1.61189123773649
117,7,2,1.55786301452803
117,7,3,<1.3
117,8,1,>2.2
117,8,2,<1.3
117,8,3,<1.3
117,9,1,2
117,9,2,1.5
117,9,3,1.5
117,10,1,1.43444946287802
117,10,2,<1.3
117,10,3,<1.3
117,12,1,2.19838078839665
117,12,2,1.68918473542072
117,12,3,1.43281645788851
117,13,1,2.4
117,13,2,<1.3
117,13,3,<1.3
117,14,1,2.4
117,14,2,<1.3
117,14,3,<1.3
117,15,1,2.3
117,15,2,<1.3
117,15,3,<1.3
117,16,1,2.2
117,16,2,1.5
117,16,3,<1.3
118,3,1,1.54141259923965
118,3,2,>2.2
118,3,3,<1.3
118,4,1,1.4
118,4,2,<1.3
118,4,3,<1.3
118,5,1,1.93921838758798
118,5,2,<1.3
118,5,3,<1.3
119,4,1,<1.3
119,4,2,<1.3
119,4,3,<1.3
119,5,1,<1.3
119,5,2,<1.3
119,5,3,<1.3
119,6,1,1.7377852184649
119,6,2,1.39069345542577
119,6,3,<1.3
119,7,1,1.81294715020388
119,7,2,1.4835253032829
119,7,3,<1.3
119,8,1,>2.2
119,8,2,<1.3
119,8,3,1.41290004689018
119,9,1,2.2
119,9,2,<1.3
119,9,3,1.8
119,10,1,1.42393730429928
119,10,2,<1.3
119,10,3,<1.3
119,11,1,>2.2
119,11,2,<1.3
119,11,3,1.39020418948905
119,12,1,>2.2
119,12,2,<1.3
119,12,3,<1.3
119,13,1,2.4
119,13,2,<1.3
119,13,3,<1.3
119,14,1,2.4
119,14,2,<1.3
119,14,3,<1.3
119,15,1,2.1
119,15,2,<1.3
119,15,3,<1.3
119,16,1,1.9
119,16,2,<1.3
119,16,3,1.6
119,17,1,2.3
119,17,2,<1.3
119,17,3,1.7
120,7,1,>2.2
120,7,2,>2.2
120,7,3,1.6
120,8,1,<1.3
120,8,2,1.83468188669341
120,8,3,1.40194279068793
120,9,1,<1.3
120,9,2,1.6
120,9,3,<1.3
120,10,1,<1.3
120,10,2,1.78163822636097
120,10,3,<1.3
120,12,1,<1.3
120,12,2,1.68137151809937
120,12,3,<1.3
120,13,1,1.8
120,13,2,1.5
120,13,3,<1.3
120,14,1,1.7
120,14,2,<1.3
120,14,3,<1.3
120,15,1,1.5
120,15,2,<1.3
120,15,3,<1.3
120,16,1,<1.3
120,16,2,<1.3
120,16,3,<1.3
120,17,1,1.8
120,17,2,<1.3
120,17,3,<1.3
121,7,1,1.94836910777489
121,7,2,>2.2
121,7,3,1.7
121,8,1,<1.3
121,8,2,>2.2
121,8,3,<1.3
121,9,1,<1.3
121,9,2,1.6
121,9,3,<1.3
121,10,1,1.77983514400663
121,10,2,1.83748088537287
121,10,3,<1.3
121,11,1,<1.3
121,11,2,<1.3
121,11,3,<1.3
121,12,1,<1.3
121,12,2,1.77807850985039
121,12,3,<1.3
121,13,1,1.6
121,13,2,1.6
121,13,3,1.6
121,14,1,<1.3
121,14,2,<1.3
121,14,3,<1.3
121,15,1,<1.3
121,15,2,<1.3
121,15,3,<1.3
121,16,1,<1.3
121,16,2,1.5
121,16,3,<1.3
121,17,1,<1.3
121,17,2,<1.3
121,17,3,<1.3
122,8,1,<1.3
122,8,2,2.08194732393067
122,8,3,<1.3
122,9,1,<1.3
122,9,2,<1.3
122,9,3,<1.3
122,10,1,<1.3
122,10,2,<1.3
122,10,3,<1.3
122,11,1,1.58906985989228
122,11,2,<1.3
122,11,3,<1.3
122,12,1,<1.3
122,12,2,<1.3
122,12,3,<1.3
122,13,1,1.5
122,13,2,1.4
122,13,3,<1.3
122,14,1,<1.3
122,14,2,<1.3
122,14,3,<1.3
122,15,1,<1.3
122,15,2,<1.3
122,15,3,<1.3
122,16,1,<1.3
122,16,2,<1.3
122,16,3,<1.3
122,17,1,<1.3
122,17,2,<1.3
122,17,3,<1.3
123,8,1,<1.3
123,8,2,1.7915565698235
123,8,3,1.46398017941093
123,9,1,<1.3
123,9,2,<1.3
123,9,3,<1.3
123,10,1,<1.3
123,10,2,<1.3
123,10,3,<1.3
123,11,1,<1.3
123,11,2,<1.3
123,11,3,<1.3
123,12,1,<1.3
123,12,2,1.67576958869916
123,12,3,<1.3
123,13,1,<1.3
123,13,2,<1.3
123,13,3,<1.3
123,14,1,<1.3
123,14,2,<1.3
123,14,3,<1.3
123,15,1,<1.3
123,15,2,<1.3
123,15,3,<1.3
123,16,1,<1.3
123,16,2,1.3
123,16,3,<1.3
123,17,1,<1.3
123,17,2,1.5
123,17,3,<1.3
124,8,1,>2.2
124,8,2,>2.2
124,8,3,2.07293492728579
125,8,1,>2.2
125,8,2,>2.2
125,8,3,>2.2
126,8,1,2.02184002090035
126,8,2,1.70287096857096
126,8,3,>2.2
127,8,1,<1.3
127,8,2,1.77091336772404
127,8,3,2.06037662071822
127,9,1,<1.3
127,9,2,<1.3
127,9,3,1.6
127,10,1,<1.3
127,10,2,<1.3
127,10,3,<1.3
128,8,1,<1.3
128,8,2,1.96692357794999
128,8,3,1.51359780241812
129,8,1,<1.3
129,8,2,1.91641787960956
129,8,3,1.75873102179112
129,9,1,<1.3
129,9,2,<1.3
129,9,3,<1.3
130,8,1,>2.2
130,8,2,2.08166370612417
130,8,3,1.88677650051936
131,8,1,2.04343115227633
131,8,2,>2.2
131,8,3,1.8784428569813
131,9,1,<1.3
131,9,2,<1.3
131,9,3,1.4
132,8,1,<1.3
132,8,2,1.96111141425208
132,8,3,1.54954903298412
132,9,1,<1.3
132,9,2,<1.3
132,9,3,<1.3
133,8,1,<1.3
133,8,2,1.8743297976592
133,8,3,1.34516874962944
133,9,1,<1.3
133,9,2,<1.3
133,9,3,<1.3
133,10,1,<1.3
133,10,2,<1.3
133,10,3,<1.3
134,8,1,<1.3
134,8,2,<1.3
134,8,3,<1.3
135,8,1,<1.3
135,8,2,<1.3
135,8,3,1.47192350864187
135,9,1,<1.3
135,9,2,<1.3
135,9,3,<1.3
135,10,1,<1.3
135,10,2,<1.3
135,10,3,<1.3
135,12,1,<1.3
135,12,2,1.81832395001506
135,12,3,<1.3
135,13,1,<1.3
135,13,2,<1.3
135,13,3,<1.3
135,14,1,<1.3
135,14,2,<1.3
135,14,3,<1.3
135,15,1,<1.3
135,15,2,<1.3
135,15,3,<1.3
135,16,1,<1.3
135,16,2,1.3
135,16,3,1.4
135,17,1,<1.3
135,17,2,<1.3
135,17,3,<1.3
136,8,1,1.71982433102394
136,8,2,<1.3
136,8,3,1.70085407937446
136,9,1,<1.3
136,9,2,<1.3
136,9,3,1.31127883953853
136,10,1,<1.3
136,10,2,<1.3
136,10,3,<1.3
136,11,1,<1.3
136,11,2,<1.3
136,11,3,<1.3
136,12,1,<1.3
136,12,2,1.63847253242934
136,12,3,<1.3
136,13,1,1.8
136,13,2,1.6
136,13,3,<1.3
136,14,1,<1.3
136,14,2,<1.3
136,14,3,<1.3
136,15,1,1.6
136,15,2,<1.3
136,15,3,<1.3
136,16,1,1.4
136,16,2,1.3
136,16,3,<1.3
136,17,1,<1.3
136,17,2,<1.3
136,17,3,<1.3
137,8,1,<1.3
137,8,2,<1.3
137,8,3,<1.3
137,9,1,<1.3
137,9,2,1.84607542334326
137,9,3,<1.3
138,8,1,>2.2
138,8,2,<1.3
138,8,3,1.59038107621511
138,9,1,<1.3
138,9,2,2.0072860427977
138,9,3,<1.3
138,10,1,<1.3
138,10,2,<1.3
138,10,3,<1.3
138,12,1,<1.3
138,12,2,1.76598000348768
138,12,3,<1.3
138,13,1,1.7
138,13,2,<1.3
138,13,3,<1.3
138,14,1,<1.3
138,14,2,<1.3
138,14,3,<1.3
138,15,1,1.4
138,15,2,<1.3
138,15,3,<1.3
138,16,1,<1.3
138,16,2,1.3
138,16,3,<1.3
138,17,1,<1.3
138,17,2,<1.3
138,17,3,<1.3
139,8,1,<1.3
139,8,2,<1.3
139,8,3,<1.3
139,9,1,<1.3
139,9,2,1.6204323091149
139,9,3,<1.3
139,10,1,<1.3
139,10,2,<1.3
139,10,3,<1.3
139,11,1,<1.3
139,11,2,<1.3
139,11,3,<1.3
139,12,1,<1.3
139,12,2,1.65466010189655
139,12,3,<1.3
139,13,1,<1.3
139,13,2,<1.3
139,13,3,<1.3
139,14,1,<1.3
139,14,2,<1.3
139,14,3,<1.3
139,15,1,<1.3
139,15,2,<1.3
139,15,3,<1.3
139,16,1,<1.3
139,16,2,<1.3
139,16,3,1.7
139,17,1,<1.3
139,17,2,<1.3
139,17,3,<1.3
140,12,1,>2.2
140,12,2,>2.2
140,12,3,>2.2
140,13,1,2.4
140,13,2,2.2
140,13,3,2
140,14,1,2.4
140,14,2,1.8
140,14,3,1.6
140,16,1,1.6
140,16,2,1.7
140,16,3,1.6
140,17,1,<1.3
140,17,2,<1.3
140,17,3,<1.3
141,13,1,2.3
141,13,2,2.4
141,13,3,2.1
142,13,1,1.8
142,13,2,2.4
142,13,3,2
142,14,1,2.4
142,14,2,1.9
142,14,3,<1.3
142,16,1,1.8
142,16,2,1.8
142,16,3,<1.3
142,17,1,1.3
142,17,2,1.4
142,17,3,<1.3
143,13,1,1.6
143,13,2,2.1
143,13,3,2
144,17,1,2
144,17,2,2.3
144,17,3,1.9
