ID,capture,year,month,day
1,1,2014,3,5
1,3,2014,6,6
1,4,2014,8,11
1,5,2014,10,24
1,6,2014,12,8
1,7,2015,2,25
1,8,2015,6,3
1,9,2015,8,3
1,10,2015,10,5
1,11,2015,11,30
1,12,2016,3,1
1,13,2016,5,31
1,14,2016,8,1
1,15,2016,10,3
1,16,2016,12,5
1,17,2017,2,
1,18,2017,5,29
1,19,2017,8,2
2,1,2014,3,5
2,3,2014,6,6
3,1,2014,3,5
3,3,2014,6,6
3,4,2014,8,12
3,5,2014,10,28
3,6,2014,12,8
3,7,2015,2,24
3,8,2015,6,3
3,9,2015,8,3
3,10,2015,10,5
3,11,2015,12,1
3,12,2016,3,2
3,13,2016,5,30
3,14,2016,8,2
3,15,2016,10,5
3,16,2016,12,5
3,17,2017,2,28
3,18,2017,5,29
3,19,2017,8,3
4,1,2014,3,19
4,3,2014,6,6
4,4,2014,8,12
4,5,2014,10,24
4,6,2014,12,5
4,7,2015,2,25
4,8,2015,6,2
4,9,2015,8,4
4,10,2015,10,6
4,11,2015,12,2
4,12,2016,2,29
4,13,2016,5,31
4,14,2016,8,1
4,15,2016,10,3
4,16,2016,12,5
4,17,2017,2,28
4,18,2017,5,30
4,19,2017,8,3
5,1,2014,3,5
5,3,2014,6,6
5,4,2014,8,12
5,5,2014,10,28
5,6,2014,12,8
5,7,2015,2,23
5,8,2015,6,3
5,9,2015,8,4
5,10,2015,10,6
5,11,2015,12,1
5,12,2016,2,29
5,13,2016,5,31
5,14,2016,8,2
5,15,2016,10,5
5,16,2016,12,6
5,17,,,
5,18,2017,5,29
5,19,2017,8,3
6,1,2014,3,5
6,3,2014,6,7
6,4,2014,8,11
6,5,2014,10,14
7,1,2014,3,5
7,3,2014,6,6
8,1,2014,3,5
8,3,2014,6,7
8,4,2014,8,11
8,5,2014,10,28
8,6,2014,12,8
8,7,2015,2,25
8,8,2015,6,3
8,9,2015,8,3
8,10,2015,10,5
8,11,2015,11,30
8,12,2016,3,2
8,13,2016,5,31
8,14,2016,8,1
8,15,2016,10,3
9,1,2014,3,6
9,3,2014,6,6
9,4,2014,8,12
9,5,2014,10,24
10,1,2014,3,6
10,3,2014,6,6
11,1,2014,3,5
11,3,2014,6,6
11,4,2014,8,13
11,5,2014,10,24
11,6,2014,12,4
11,7,2015,2,24
11,8,2015,6,2
11,9,2015,8,4
11,10,2015,10,5
11,11,2015,12,1
11,12,2016,3,1
11,13,2016,5,30
11,14,2016,8,1
11,15,2016,10,3
11,16,2016,12,5
11,17,2017,2,28
11,18,2017,5,30
11,19,2017,8,3
12,1,2014,3,5
12,3,2014,6,6
12,4,2014,8,12
12,5,2014,10,28
12,6,2014,12,8
12,7,2015,2,25
12,8,2015,6,2
12,9,2015,8,4
12,10,2015,10,6
12,11,2015,12,2
12,12,2016,2,29
12,13,2016,5,30
12,14,2016,8,1
12,15,2016,10,4
12,16,2016,12,5
12,17,2017,2,
12,18,2017,5,30
12,19,2017,8,3
13,1,2014,3,6
13,3,2014,6,6
13,4,2014,8,12
13,5,2014,10,28
13,6,2014,12,8
13,7,2015,2,25
13,8,2015,6,3
13,9,2015,8,4
13,10,2015,10,6
13,11,2015,11,30
13,12,2016,2,29
13,13,2016,5,31
13,14,2016,8,1
13,15,2016,10,3
13,16,2016,12,5
13,17,,,
13,18,2017,5,30
13,19,2017,8,3
14,1,2014,3,5
14,3,2014,6,6
14,4,2014,8,12
14,5,2014,10,24
14,6,2014,12,4
14,7,2015,2,24
14,8,2015,6,3
14,9,2015,8,4
14,10,2015,10,5
14,11,2015,12,1
14,12,2016,3,1
14,13,2016,5,31
14,14,2016,8,2
14,15,2016,10,5
14,16,2016,12,6
14,17,2017,2,28
14,18,2017,5,29
14,19,2017,8,3
15,1,2014,3,6
15,3,2014,6,6
15,4,2014,8,12
15,5,2014,10,28
15,6,2014,12,5
15,7,2015,2,25
15,8,2015,6,3
15,9,2015,8,5
15,10,,,
15,11,2015,12,1
15,12,2016,3,2
15,13,2016,5,31
15,14,2016,8,2
15,15,2016,10,4
15,16,2016,12,6
15,17,,,
15,18,2017,5,29
15,19,2017,8,3
16,1,2014,3,6
16,3,2014,6,6
16,4,2014,8,11
16,5,2014,10,14
16,6,2014,12,8
16,7,2015,2,25
16,8,2015,6,2
16,9,2015,8,3
16,10,2015,10,5
16,11,2015,12,1
16,12,2016,3,1
16,13,2016,5,31
16,14,2016,8,1
16,15,2016,10,4
16,16,2016,12,5
16,17,2017,2,28
16,18,2017,5,30
16,19,2017,8,3
17,1,2014,3,6
17,3,2014,6,6
17,4,2014,8,13
17,5,2014,10,24
17,6,2014,12,4
17,7,2015,2,23
17,8,2015,6,2
17,9,2015,8,4
17,10,2015,10,5
17,11,2015,11,30
17,12,2016,2,29
17,13,2016,5,31
17,14,2016,8,1
17,15,2016,10,4
17,16,2016,12,5
17,17,,,
17,18,2017,5,30
17,19,2017,8,3
18,1,2014,3,6
18,3,2014,6,6
18,4,2014,8,11
18,5,2014,10,28
19,1,2014,3,6
19,3,2014,6,6
19,4,2014,8,13
19,5,2014,10,14
19,6,2014,12,5
19,7,2015,2,24
19,8,2015,6,2
19,9,2015,8,3
19,10,2015,10,5
19,11,2015,12,2
19,12,2016,3,1
19,13,2016,5,31
19,14,2016,8,2
19,15,2016,10,4
19,16,2016,12,5
19,17,,,
19,18,2017,5,30
19,19,2017,8,3
20,1,2014,3,20
20,3,2014,6,7
20,4,2014,8,11
20,5,2014,10,24
20,6,2014,12,5
20,8,2015,6,2
20,9,2015,8,5
20,10,,,
20,11,2015,12,2
20,12,2016,3,1
20,13,2016,5,30
20,14,2016,8,1
20,15,2016,10,4
20,16,2016,12,6
20,17,,,
20,18,2017,5,30
20,19,2017,8,2
21,1,2014,3,5
21,3,2014,6,6
21,4,2014,8,12
21,5,2014,10,28
21,6,2014,12,5
21,7,2015,2,23
21,8,2015,6,3
21,9,2015,8,3
21,10,2015,10,5
21,11,2015,12,1
21,12,2016,2,29
21,13,2016,5,31
21,14,2016,8,2
21,15,2016,10,4
21,16,2016,12,6
21,17,,,
21,18,2017,5,29
21,19,2017,8,2
22,1,2014,3,5
22,3,2014,6,6
22,4,2014,8,12
22,5,2014,10,14
23,1,2014,3,5
23,3,2014,6,6
23,4,2014,8,12
23,5,2014,10,28
23,6,2014,12,5
23,7,2015,2,23
23,8,2015,6,3
23,9,2015,8,4
23,10,,,
23,11,2015,12,1
23,12,2016,3,1
23,13,2016,5,31
23,14,2016,8,1
23,15,2016,10,5
23,16,2016,12,5
23,17,,,
23,18,2017,5,30
23,19,2017,8,2
24,1,2014,4,1
24,3,2014,6,6
24,4,2014,8,11
24,5,2014,10,24
24,6,2014,12,5
25,1,2014,3,19
25,3,2014,6,6
25,4,2014,8,12
25,5,2014,10,14
26,1,2014,3,19
26,3,2014,6,6
26,4,2014,8,13
26,5,2014,10,14
26,6,2014,12,4
26,7,2015,2,23
26,8,2015,6,3
26,9,2015,8,3
26,10,2015,10,5
26,11,2015,12,1
26,12,2016,3,2
26,13,2016,5,31
26,14,2016,8,1
26,15,2016,10,4
26,16,2016,12,5
26,17,,,
26,18,2017,5,29
26,19,2017,8,3
27,3,2014,6,6
27,4,2014,8,12
27,5,2014,10,24
27,6,2014,12,5
27,7,2015,2,24
27,8,2015,6,2
27,9,2015,8,3
27,10,2015,10,6
27,11,2015,12,2
27,12,2016,3,1
27,13,2016,5,30
27,14,2016,8,1
27,15,2016,10,3
27,16,2016,12,6
27,17,,,
27,19,2017,8,2
28,1,2014,3,5
28,3,2014,6,6
28,4,2014,8,12
28,5,2014,10,28
28,6,2014,12,4
28,7,2015,2,23
28,8,2015,6,3
28,9,2015,8,3
28,10,2015,10,6
28,11,2015,12,1
28,12,2016,3,1
28,13,2016,5,31
28,14,2016,8,2
28,15,2016,10,5
28,16,2016,12,5
28,17,2017,2,28
28,18,2017,5,29
28,19,2017,8,2
29,1,2014,3,19
29,3,2014,6,7
29,4,2014,8,13
30,1,2014,3,19
30,3,2014,6,7
30,4,2014,8,13
30,5,2014,10,14
30,6,2014,12,4
30,7,2015,2,25
30,8,2015,6,2
30,9,2015,8,3
30,10,2015,10,6
30,11,2015,12,1
30,12,2016,3,2
30,13,2016,5,30
30,14,2016,8,1
30,15,2016,10,4
30,16,2016,12,5
30,17,,,
30,18,2017,5,29
30,19,2017,8,3
31,1,2014,3,20
31,3,2014,6,6
31,4,2014,8,13
31,5,2014,10,14
31,6,2014,12,4
31,7,2015,2,24
31,8,2015,6,2
31,9,2015,8,4
31,10,2015,10,6
31,11,2015,12,2
31,12,2016,3,1
31,13,2016,5,31
31,14,2016,8,1
31,15,2016,10,5
32,1,2014,3,20
32,3,2014,6,6
32,4,2014,8,12
32,5,2014,10,14
32,6,2014,12,5
32,7,2015,2,24
32,8,2015,6,2
32,9,2015,8,4
32,10,,,
32,11,2015,12,1
32,12,2016,3,2
32,13,2016,5,31
33,1,2014,3,20
33,3,2014,6,6
33,4,2014,8,13
33,5,2014,10,14
33,6,2014,12,8
33,7,2015,2,24
33,8,2015,6,2
33,9,2015,8,3
33,10,,,
33,11,2015,11,30
33,12,2016,2,29
33,13,2016,5,30
33,14,2016,8,1
33,15,2016,10,3
33,16,2016,12,5
33,17,,,
33,18,2017,5,29
33,19,2017,8,3
34,1,2014,3,20
34,3,2014,6,6
34,4,2014,8,12
34,5,2014,10,14
34,6,2014,12,5
34,7,2015,2,24
34,8,2015,6,2
34,9,2015,8,3
34,10,2015,10,6
34,11,2015,11,30
34,12,2016,3,2
34,13,2016,5,31
34,14,2016,8,2
34,15,2016,10,4
34,16,2016,12,5
34,17,,,
34,18,2017,5,30
34,19,2017,8,3
35,1,2014,3,20
35,3,2014,6,6
35,4,2014,8,12
35,5,2014,10,28
35,6,2014,12,5
35,7,2015,2,24
35,8,2015,6,2
35,9,2015,8,4
35,10,2015,10,6
35,11,2015,12,1
35,12,2016,3,2
35,13,2016,5,30
35,14,2016,8,2
35,15,2016,10,5
35,16,2016,12,5
35,17,2017,2,28
35,18,2017,5,29
35,19,2017,8,2
36,1,2014,3,20
36,3,2014,6,6
36,4,2014,8,13
36,5,2014,10,24
36,6,2014,12,5
36,7,2015,2,23
36,8,2015,6,3
36,9,2015,8,4
36,10,2015,10,5
36,11,2015,12,2
36,12,2016,3,2
36,13,2016,5,31
36,14,2016,8,2
36,15,2016,10,5
36,16,2016,12,6
36,17,,,
36,18,2017,5,30
36,19,2017,8,2
37,4,2014,8,12
37,5,2014,10,14
38,8,2015,6,1
38,9,2015,8,4
38,10,2015,10,5
38,11,2015,11,30
38,12,2016,3,2
38,13,2016,5,31
38,14,2016,8,2
38,15,2016,10,3
38,16,2016,12,6
38,17,,,
38,18,2017,5,30
38,19,2017,8,2
39,8,2015,6,1
39,9,2015,8,4
39,10,2015,10,5
39,11,2015,11,30
39,12,2016,3,2
40,3,2014,6,7
40,4,2014,8,13
40,5,2014,10,14
40,6,2014,12,4
40,7,2015,2,23
40,8,2015,6,3
40,9,2015,8,4
40,10,2015,10,6
40,11,2015,12,2
40,12,2016,2,29
40,13,2016,5,30
40,14,2016,8,2
40,15,2016,10,4
40,16,2016,12,5
40,17,,,
40,18,2017,5,31
40,19,2017,8,2
41,1,2014,3,5
41,3,2014,6,6
41,4,2014,8,12
41,5,2014,10,28
41,6,2014,12,4
41,7,2015,2,24
41,8,2015,6,3
41,9,2015,8,3
41,10,2015,10,6
41,11,2015,12,2
41,12,2016,2,29
41,13,2016,5,31
41,14,2016,8,1
41,15,2016,10,3
41,16,2016,12,6
41,17,,,
41,18,2017,5,29
41,19,2017,8,3
42,1,2014,3,5
42,3,2014,6,6
42,4,2014,8,13
42,5,2014,10,28
42,6,2014,12,5
42,7,2015,2,24
42,8,2015,6,2
42,9,2015,8,5
42,10,,,
42,11,2015,12,1
42,12,2016,3,1
42,14,2016,8,2
42,15,2016,10,5
42,16,2016,12,6
42,17,2017,2,28
42,18,2017,5,29
42,19,2017,8,2
43,1,2014,3,5
43,3,2014,6,6
43,4,2014,8,12
43,5,2014,10,28
43,6,2014,12,8
43,7,2015,2,23
43,8,2015,6,2
43,9,2015,8,5
43,10,,,
43,11,2015,12,1
43,12,2016,3,1
43,13,2016,5,30
43,14,2016,8,2
43,15,2016,10,4
43,16,2016,12,5
43,17,,,
43,18,2017,5,30
43,19,2017,8,3
44,1,2014,3,6
44,3,2014,6,7
44,4,2014,8,13
44,5,2014,10,14
44,6,2014,12,5
44,7,2015,2,25
44,8,2015,6,2
44,9,2015,8,4
44,10,2015,10,6
44,11,2015,12,1
44,12,2016,3,2
44,13,2016,5,31
44,14,2016,8,1
44,15,2016,10,4
44,16,2016,12,5
44,17,,,
44,18,2017,5,29
44,19,2017,8,3
45,1,2014,3,6
45,3,2014,6,7
45,4,2014,8,12
45,5,2014,10,24
45,6,2014,12,4
45,7,2015,2,23
45,8,2015,6,2
45,9,2015,8,4
45,10,2015,10,6
45,11,2015,12,1
45,12,2016,3,1
45,13,2016,5,30
45,14,2016,8,1
45,15,2016,10,4
45,16,2016,12,6
45,17,2017,2,28
45,18,2017,5,29
47,8,2015,6,1
47,9,2015,8,3
47,10,2015,10,5
47,11,2015,12,1
47,12,2016,3,1
47,13,2016,5,31
47,14,2016,8,
47,15,2016,10,4
47,16,2016,12,6
47,17,,,
47,18,2017,5,30
47,19,2017,8,2
48,8,2015,6,1
48,9,2015,8,5
48,10,2015,10,5
48,11,2015,12,1
49,1,2014,3,19
49,3,2014,6,6
49,4,2014,8,11
49,5,2014,10,28
49,6,2014,12,5
49,7,2015,2,23
49,8,2015,6,3
49,9,2015,8,4
49,10,2015,10,6
49,11,2015,12,1
49,12,2016,3,1
49,13,2016,5,31
49,14,2016,8,2
49,15,2016,10,5
49,16,2016,12,6
49,17,,,
49,18,2017,5,29
49,19,,,
50,8,2015,6,1
51,1,2014,3,5
51,3,2014,6,7
51,4,2014,8,13
51,5,2014,10,14
51,6,2014,12,5
51,8,2015,6,2
51,9,2015,8,5
51,10,2015,10,6
51,11,2015,12,1
51,12,2016,3,2
51,13,2016,5,31
51,14,2016,8,2
51,15,2016,10,3
51,16,2016,12,5
51,17,2017,2,28
52,4,2014,8,13
52,5,2014,10,24
52,6,2014,12,4
52,7,2015,2,23
52,8,2015,6,2
52,9,2015,8,4
52,10,,,
52,11,2015,12,2
52,12,2016,2,29
52,13,2016,5,30
52,14,2016,8,1
52,15,2016,10,3
52,16,2016,12,6
53,8,2015,6,1
53,9,2015,8,4
53,10,2015,10,5
53,11,2015,12,1
53,12,2016,3,2
53,13,2016,5,30
53,14,2016,8,2
53,15,2016,10,3
54,4,2014,8,12
54,5,2014,10,24
54,6,2014,12,4
54,7,2015,2,23
54,8,2015,6,2
54,9,2015,8,4
54,10,2015,10,6
54,11,2015,12,1
54,12,2016,3,2
54,13,2016,5,30
54,14,,,
54,15,2016,10,3
54,16,2016,12,6
54,18,2017,5,31
55,4,2014,8,11
55,5,2014,10,28
55,6,2014,12,8
55,7,2015,2,24
55,8,2015,6,3
55,9,2015,8,3
55,10,2015,10,6
55,11,2015,12,2
55,12,2016,3,2
55,13,2016,5,31
55,14,2016,8,2
55,15,2016,10,3
55,16,2016,12,5
55,17,,,
55,18,2017,5,30
55,19,2017,8,3
56,1,2014,3,5
56,3,2014,6,6
56,4,2014,8,12
56,5,2014,10,14
56,6,2014,12,5
56,7,2015,2,23
56,8,2015,6,2
56,9,2015,8,3
56,10,2015,10,6
56,11,2015,12,1
56,12,2016,3,1
56,13,2016,5,31
56,14,2016,8,1
56,15,2016,10,5
56,16,2016,12,5
56,17,,,
56,18,2017,5,29
56,19,2017,8,2
57,8,2015,6,1
57,9,2015,8,4
57,10,2015,10,5
57,11,2015,11,30
57,12,2016,3,2
57,13,2016,5,31
57,14,2016,8,2
57,15,2016,10,
57,16,2016,12,5
57,17,,,
57,18,2017,5,30
57,19,2017,8,3
58,1,2014,3,5
58,3,2014,6,6
58,4,2014,8,11
58,5,2014,10,14
58,6,2014,12,4
58,7,2015,2,24
58,8,2015,6,3
58,9,2015,8,4
58,10,2015,10,5
58,11,2015,11,30
58,12,2016,3,2
58,13,2016,5,31
58,14,2016,8,2
58,15,2016,10,5
58,16,2016,12,5
58,17,2017,2,28
58,18,2017,5,30
58,19,2017,8,2
59,8,2015,6,1
60,1,2014,3,5
60,3,2014,6,6
60,4,2014,8,12
60,5,2014,10,28
60,6,2014,12,8
60,7,2015,2,24
60,8,2015,6,3
60,9,2015,8,3
60,10,2015,10,6
60,11,2015,12,1
60,12,2016,3,1
60,13,2016,5,31
60,14,2016,8,2
60,15,2016,10,3
60,16,,,
60,17,2017,2,28
60,18,2017,5,30
60,19,2017,8,3
61,8,2015,6,1
61,9,2015,8,3
61,10,2015,10,5
61,11,2015,11,30
62,8,2015,6,1
62,9,2015,8,4
62,10,2015,10,5
62,11,2015,11,30
62,12,2016,3,2
63,11,2015,11,30
63,12,2016,3,1
63,13,2016,5,30
63,14,2016,8,1
63,15,2016,10,3
63,16,2016,12,6
63,17,,,
63,18,2017,5,31
64,11,2015,12,2
64,12,2016,2,29
64,13,2016,5,31
64,14,2016,8,2
64,15,2016,10,5
64,16,2016,12,6
64,17,,,
64,18,2017,5,31
64,19,2017,8,2
101,1,2014,3,5
101,3,2014,6,6
102,1,2014,3,5
102,3,2014,6,6
102,4,2014,8,11
102,5,2014,10,14
102,6,2014,12,5
102,7,2015,2,23
102,8,2015,6,2
102,9,2015,8,4
102,10,2015,10,5
102,11,2015,12,2
102,12,2016,2,29
102,13,2016,5,30
102,14,2016,8,1
102,15,2016,10,4
102,16,2016,12,5
102,17,,,
102,18,2017,5,30
102,19,2017,8,3
104,1,2014,3,5
104,3,2014,6,7
104,4,2014,8,12
104,5,2014,10,24
104,6,2014,12,4
105,1,2014,3,5
105,3,2014,6,7
105,4,2014,8,13
105,5,2014,10,24
105,6,2014,12,4
106,1,2014,3,5
106,3,2014,6,7
106,4,2014,8,12
106,5,2014,10,14
107,1,2014,3,5
107,3,2014,6,6
107,4,2014,8,12
107,5,2014,10,28
107,6,2014,12,8
107,7,2015,2,23
107,8,2015,6,3
107,9,2015,8,4
107,10,,,
107,11,2015,12,2
107,12,2016,3,1
107,13,2016,5,31
107,14,2016,8,2
107,15,2016,10,
107,16,2016,12,6
107,17,2017,2,28
107,18,2017,5,29
107,19,2017,8,3
108,1,2014,3,5
109,1,2014,3,6
109,3,2014,6,6
109,4,2014,8,12
109,5,2014,10,24
109,6,2014,12,5
110,1,2014,3,6
110,3,2014,6,6
110,4,2014,8,12
111,4,2014,8,12
111,5,2014,10,24
111,6,2014,12,5
111,7,2015,2,24
111,8,2015,6,3
111,9,2015,8,5
111,10,2015,10,6
111,11,2015,12,2
111,12,2016,2,29
111,13,2016,5,30
111,14,2016,8,2
111,15,2016,10,3
111,16,2016,12,6
111,17,,,
111,18,2017,5,29
111,19,2017,8,2
112,3,2014,6,7
112,4,2014,8,13
112,5,2014,10,14
112,6,2014,12,5
112,7,2015,2,25
112,8,2015,6,2
112,9,2015,8,3
112,10,2015,10,6
112,11,2015,12,2
112,12,2016,2,29
112,13,2016,5,30
112,14,2016,8,2
112,15,2016,10,4
112,16,2016,12,6
112,17,,,
112,18,2017,5,31
112,19,2017,8,2
113,3,2014,6,6
113,4,2014,8,13
113,5,2014,10,14
113,6,2014,12,4
114,3,2014,6,6
114,4,2014,8,12
114,5,2014,10,14
115,1,2014,3,6
115,3,2014,6,6
115,4,2014,8,12
115,5,2014,10,24
115,6,2014,12,5
115,7,2015,2,25
115,8,2015,6,2
115,9,2015,8,3
115,10,2015,10,6
115,11,2015,12,2
115,12,2016,2,29
115,13,2016,5,30
115,14,2016,8,1
115,15,,,
115,16,2016,12,6
115,18,2017,5,29
115,19,2017,8,3
116,3,2014,6,6
116,4,2014,8,13
116,5,2014,10,24
116,6,2014,12,5
117,3,2014,6,6
117,4,2014,8,12
117,5,2014,10,24
117,6,2014,12,4
117,7,2015,2,24
117,8,2015,6,2
117,9,2015,8,3
117,10,2015,10,6
117,11,2015,12,2
117,12,2016,2,29
117,13,2016,5,30
117,14,2016,8,1
117,15,2016,10,4
117,16,2016,12,6
117,18,2017,5,31
117,19,2017,8,2
118,3,2014,6,6
118,4,2014,8,12
118,5,2014,10,14
119,3,2014,6,7
119,4,2014,8,13
119,5,2014,10,14
119,6,2014,12,4
119,7,2015,2,24
119,8,2015,6,3
119,9,2015,8,3
119,10,2015,10,6
119,11,2015,11,30
119,12,2016,2,29
119,13,2016,5,30
119,14,2016,8,2
119,15,2016,10,4
119,16,2016,12,6
119,17,,,
119,18,2017,5,30
119,19,2017,8,3
120,6,2014,12,4
120,7,2015,2,24
120,8,2015,6,2
120,9,2015,8,4
120,10,2015,10,7
120,11,2015,12,2
120,12,2016,3,1
120,13,2016,5,30
120,14,2016,8,
120,15,2016,10,5
120,16,2016,12,6
120,17,,,
120,18,2017,5,30
120,19,2017,8,3
121,7,2015,2,24
121,8,2015,6,2
121,9,2015,8,5
121,10,2015,10,6
121,11,2015,11,30
121,12,2016,3,2
121,13,2016,5,30
121,14,2016,8,1
121,15,2016,10,4
121,16,2016,12,5
121,17,,,
121,18,2017,5,30
121,19,2017,8,3
122,7,2015,2,25
122,8,2015,6,2
122,9,2015,8,3
122,10,2015,10,5
122,11,2015,12,1
122,12,2016,3,1
122,13,2016,5,30
122,14,2016,8,1
122,15,2016,10,4
122,16,2016,12,5
122,17,,,
122,18,2017,5,29
122,19,2017,8,3
123,7,2015,2,25
123,8,2015,6,3
123,9,2015,8,3
123,10,2015,10,5
123,11,2015,11,30
123,12,2016,3,1
123,13,2016,5,30
123,14,2016,8,2
123,15,2016,10,3
123,16,2016,12,6
123,17,,,
123,18,2017,5,31
123,19,2017,8,2
124,8,2015,6,1
125,8,2015,6,1
126,8,2015,6,1
127,8,2015,6,1
127,9,2015,8,3
127,10,2015,10,5
128,8,2015,6,1
129,8,2015,6,1
129,9,2015,8,3
130,8,2015,6,1
131,8,2015,6,1
131,9,2015,8,5
132,8,2015,6,1
132,9,2015,8,4
133,8,2015,6,1
133,9,2015,8,3
133,10,2015,10,5
134,8,2015,6,2
135,8,2015,6,3
135,9,2015,8,5
135,10,2015,10,6
135,11,2015,12,2
135,12,2016,2,29
135,13,2016,5,31
135,14,,,
135,15,2016,10,3
135,16,2016,12,5
135,17,,,
135,18,2017,5,31
135,19,2017,8,3
136,8,2015,6,3
136,9,2015,8,3
136,10,2015,10,6
136,11,2015,11,30
136,12,2016,2,29
136,13,2016,5,30
136,14,,,
136,15,2016,10,3
136,16,2016,12,6
136,17,,,
136,18,2017,5,30
136,19,2017,8,3
137,8,2015,6,3
137,9,2015,8,4
138,8,2015,6,3
138,9,2015,8,3
138,10,2015,10,5
138,11,2015,12,2
138,12,2016,3,2
138,13,2016,5,31
138,14,,,
138,15,2016,10,4
138,16,2016,12,6
138,17,,,
138,18,2017,5,31
138,19,2017,8,2
139,8,2015,6,3
139,9,2015,8,4
139,10,2015,10,6
139,11,2015,12,1
139,12,2016,3,2
139,13,2016,5,30
139,14,,,
139,15,2016,10,4
139,16,2016,12,5
139,17,,,
139,18,2017,5,31
139,19,2017,8,3
140,12,2016,2,29
140,13,2016,5,30
140,14,,,
140,15,2016,10,3
140,16,2016,12,5
140,17,,,
140,18,2017,5,31
140,19,2017,8,2
141,13,2016,5,30
142,13,2016,5,30
142,14,,,
142,15,2016,10,4
142,16,2016,12,5
142,17,,,
142,18,2017,5,31
142,19,2017,8,2
143,13,2016,5,30
144,17,,,
144,18,2017,5,30
144,19,2017,8,2
